:020000040800F2
:10000000F04B0020E5020008ED02000881350008F1
:10001000F1020008F3020008F502000800000000E9
:10002000000000000000000000000000F7020008CF
:10003000F902000800000000FB0200089196000889
:10004000FF020008FF020008FF020008FF0200088C
:10005000FF020008FF020008FF020008FF0200087C
:10006000FF020008FF020008FF020008FF0200086C
:10007000FF020008FF020008FF020008FF0200085C
:10008000FF02000800000000A1060008FF020008AF
:10009000FF020008C91F0008FF020008FF02000855
:1000A0008D980008E5980008FF020008FF0200088C
:1000B000FF020008FF02000801990008FF02000883
:1000C000FF020008FF020008FF020008FF0200080C
:1000D000FF020008F59F0008FF020008FF02000869
:1000E000FF020008FF020008FF020008FF020008EC
:1000F000FF020008FF020008FF02000800000000E5
:1001000000000000FF02000800000000FF020008DD
:10011000FF02000800000000FF020008FF020008C4
:10012000FF020008FF020008FF020008FF020008AB
:10013000FF0200080000000000000000FF020008AD
:10014000FF020008FF02000800000000000000009D
:10015000000000000000000000000000000000009F
:10016000000000000000000000000000F91300087B
:10017000FF02000800000000000000000000000076
:1001800000000000FF020008000000000000000066
:10019000000000000000000000000000000000005F
:1001A0000000000000000000FF020008FF0200083D
:1001B000FF020008FF020008FF0200080000000024
:1001C00000000000FF020008000000000000000026
:1001D000FF020008FF02000800F002F800F072F8C9
:1001E00014A696E8000CB244B344DA4501D100F0FD
:1001F00069F8BAE80F000FA696E83000A5EB0405F1
:1002000004EB0607AAEB0704A7F101074FEA15154F
:100210004FEA3414A4F10104AC4201D300F052F8C7
:1002200013F0010F18BFFB1A43F0010300F001F8AF
:10023000DBE7184744C9000064C900000A444FF0D6
:10024000000C10F8013B13F0070408BF10F8014B35
:100250001D1108BF10F8015B641E05D010F8016B7A
:10026000641E01F8016BF9D113F0080F1EBF10F8DE
:10027000014BAD1C0C1B09D16D1E58BF01F801CB01
:10028000FAD505E014F8016B01F8016B6D1EF9D584
:100290009142D6D37047000070470000002300242D
:1002A00000250026103A28BF78C1FBD8520728BF86
:1002B00030C148BF0B6070471FB50CF070F81FBD10
:1002C00010B510BD00F0B6F91146FFF7F5FF0AF0C2
:1002D000FBFB00F0D4F903B4FFF7F2FF03BC00F01E
:1002E000D7F900000948804709480047FEE7FEE7C4
:1002F000FEE7FEE7FEE7FEE7FEE7FEE7FEE7FEE7D6
:1003000004480549054A064B7047000079980008E3
:10031000D9010008F0450020F04B0020F0470020F4
:10032000F047002053EA020C23D010B54C1084EAA9
:10033000530404D54042C1F1000138BF491E1B429D
:1003400004D55242C3F1000338BF5B1E00F0E7F84A
:1003500014F0804F04D04042C1F1000138BF491E63
:1003600014F0004F04D05242C3F1000338BF5B1EAB
:1003700010BD13B540424FF0000070EB0104B8BF50
:10038000012001F0004100281CBF6FF000414FF038
:10039000FF30AFF300801CBD032A40F2308010F024
:1003A000030C00F0158011F8013BBCF1020F624410
:1003B00098BF11F801CB00F8013B38BF11F8013BA1
:1003C000A2F1040298BF00F801CB38BF00F8013B4E
:1003D00011F0030300F02580083AC0F0088051F8BE
:1003E000043B083A51F804CBA0E80810F5E7121DC9
:1003F0005CBF51F8043B40F8043BAFF30080D207E8
:1004000024BF11F8013B11F801CB48BF11F8012BB3
:1004100024BF00F8013B00F801CB48BF00F8012BD6
:10042000704710B5203AC0F00B80B1E81850A0E832
:100430001850B1E81850A0E81850203ABFF4F5AFB2
:100440005FEA027C24BFB1E81850A0E8185044BF0E
:1004500018C918C0BDE810405FEA827C24BF51F87B
:10046000043B40F8043B08BF7047D20728BF31F86F
:10047000023B48BF11F8012B28BF20F8023B48BFC0
:1004800000F8012B70474FF000020429C0F01280E1
:1004900010F0030C00F01B80CCF1040CBCF1020F37
:1004A00018BF00F8012BA8BF20F8022BA1EB0C010C
:1004B00000F00DB85FEAC17C24BF00F8012B00F802
:1004C000012B48BF00F8012B70474FF0000200B528
:1004D000134694469646203922BFA0E80C50A0E867
:1004E0000C50B1F12001BFF4F7AF090728BFA0E815
:1004F0000C5048BF0CC05DF804EB890028BF40F8E1
:10050000042B08BF704748BF20F8022B11F0804F22
:1005100018BF00F8012B704770477047704753EAC7
:10052000020C00F069802DE9F04B4FF00006002B23
:100530001FBFB3FA83F503FA05F424FA05F65E400B
:1005400012BF1643B2FA82F502FA05F4C5F120058E
:100550001EBF22FA05FC44EA0C04203556EA044C7E
:100560004FEA144418BF641C4FF000084FF0000914
:10057000904271EB030C39D3002919BFB1FA81F70E
:1005800001FA07F6B0FA80F700FA07F6C7F120077C
:100590001EBF20FA07FC46EA0C062037B6FBF4FC27
:1005A000A7EB0507103F07F01F0BCBF120062CFA35
:1005B00006F60CFA0BFB44BFB3460026202FA4BF5F
:1005C0005E464FF0000B5BEA060C08BF4FF0010BD4
:1005D00019EB0B0948EB0608ABFB027C06FB02CCCF
:1005E0000BFB03CCC01B71EB0C01C1E70B460246B1
:1005F00041464846BDE8F08B13B5084318BF4FF09D
:10060000FF300146AFF30080BDE81C40704710B5D5
:1006100000F008F8006810BD10B5044600F002F8BC
:10062000046010BD00487047F81F00200048704764
:10063000F81F00207546FFF7F9FFAE460500694632
:10064000534620F00700854618B020B5FFF758FE46
:10065000BDE820404FF000064FF000074FF00008C3
:100660004FF0000BAC46ACE8C009ACE8C009ACE800
:10067000C009ACE8C00921F007018D46704710B5EC
:100680000446AFF300802046BDE81040FFF723BECC
:1006900001491820ABBEFEE72600020070470000AB
:1006A0004FF0A0404021016009F044B910B5044664
:1006B00090F86500012819D0002818BF10BDE06926
:1006C0004CF2F232C1B2C0F60002515CC0F3072313
:1006D0005940515CC0F307435940515C81EA1061B5
:1006E000515C59B1042084F8620010BD002084F8E8
:1006F0006500012084F8610010BD00BF00F00F010B
:100700004A1F022AA16603D2012084F8610010BDAD
:1007100009290DD1C0F30B12002AA4F85C20F3D0F4
:10072000B4F85E00824207D9022084F8620010BD4E
:10073000012084F8620010BD94F86C30D4E9050102
:10074000D4F854C002EB4302E047012084F865006E
:1007500010BD000010B5044690F82400032807D10E
:1007600094F82E000021022884F8241007D01FE0FE
:10077000A16C00228A7194F82E1002290AD154F833
:10078000281F236B54F8140CA28824629847032076
:10079000A07110BD02280BD16069A36D04F1200186
:1007A0000422A1649847032084F8240010BD00BFF0
:1007B000EFF3108072B6636CE3B16069D4F858E06F
:1007C00019689A884FF0030CA36483F806C0F047B9
:1007D00094F83600022803D094F83E0002280DD188
:1007E00004F13000616C2044401A3830606462B615
:1007F00010BD00BF0020A06462B610BD0020606480
:1008000062B610BD80B503464FF0000E4069D3F8C4
:1008100054C003F11C01042283F865E0BDE8804068
:10082000604700002DE9F04381B00546044655F8C5
:100830001C0F002695F845200E80002A00F07C80D1
:1008400094F8642084F86160022A00F0A180012AF3
:1008500000F0E880002A40F09182A16E062900F0A5
:10086000A581052940F08A82E66994F86C10F0B2FF
:100870004FEAD019B1EBD01F484638BF002094F89A
:100880006D70C6F30521884684F86C008F4238BF2E
:10089000B84694F86E20C6F3863E84F86D8096457F
:1008A00098BF724694F86F30C6F3465C9C4584F856
:1008B0006E2098BF6346484584F86F3006D18F425A
:1008C00004D3964508BF9C4500F06A8294F87010E6
:1008D0004CF2F237090141EAC01040EA082040EA30
:1008E000823040EA43514A1DD3B2C0F60007FB5C98
:1008F000C0F307205840385CC1F307435840385CC8
:10090000C1F3036148404CF6D421C0F60001085CF5
:10091000214642EA007041F8200FEFF3108072B6D2
:10092000886A002800F0D68162B694F82400002876
:1009300040F0238208E200BF94F86200002800F033
:10094000F2804CF2F23280F00901C0F60002515CF4
:1009500000EB00234840105C4CF6D421C0F60001A7
:10096000085C190241EA00700F30214641F8200F5F
:10097000EFF3108072B6886A002800F0C58062B676
:1009800094F82400002804BF022084F82400C4E066
:10099000A26E092A00F04481062A00F04D81052A42
:1009A00040F0EC81E36994F86C10D8B24FEAD019AA
:1009B000B1EBD01F484638BF002094F86D70C3F3E8
:1009C0000521884684F86C008F4238BFB84694F8F9
:1009D0006E20C3F3863C84F86D80944598BF6246D0
:1009E00094F86F60C3F3465EB64584F86E2098BFF6
:1009F0007646484584F86F6040F072818F42C0F0BF
:100A00006F8194454FF0000C08BFB64540F06A81F5
:100A100094F87010C3F30213591AB1FA81F14FEA36
:100A2000511C5FE1A16E062900F08280052940F08B
:100A3000A581E66994F86C10F0B24FEAD019B1EBD9
:100A4000D01F484638BF002094F86D70C6F30521CA
:100A5000884684F86C008F4238BFB84694F86E2000
:100A6000C6F3863E84F86D80964598BF724694F82A
:100A70006F30C6F3465C9C4584F86E2098BF634691
:100A8000484584F86F3006D18F4204D3964508BF9D
:100A90009C4500F07D8194F87010002784F8647004
:100AA000090141EAC01040EA082040EA823040EAE9
:100AB00043514A1D4CF2F237D3B2C0F60007FB5C3B
:100AC000C0F307205840385CC1F307435840385CF6
:100AD000C1F3036148404CF6D421C0F60001085C24
:100AE000214642EA007041F8200FEFF3108072B601
:100AF000886A002800F0DA8062B694F824000028A2
:100B000040F03B8120E100BF032084F82400A16471
:100B100062B66069A36D042298476069216D002662
:100B200084F862608847304601B0BDE8F08300BFBA
:100B300094F8601094F8632001F0010102F00F02B4
:100B40008B011202C0F30F3743EA073342EAC111A7
:100B5000194401F136024CF2F236D3B2C0F6000667
:100B6000F35CC1F307215940715CC0F30740484072
:100B7000305C4CF6D42180EA1730C0F60001085CE6
:100B8000214642EA007041F8200FEFF3108072B660
:100B9000886A002800F0908062B694F8240000284B
:100BA00004BF022084F824008FE000BF94F8601096
:100BB00094F8632001F0010102F00F028B01120290
:100BC000C0F30F3743EA073342EAC11119448A1DC3
:100BD0004CF2F236D3B2C0F60006F35CC1F3072143
:100BE0005940715CC0F307404840305C4CF6D4215A
:100BF00080EA1730C0F60001085C214642EA007026
:100C000041F8200FEFF3108072B6886A002800F0D8
:100C10009F8062B694F82400002840F0AE8093E0F4
:100C200094F86000B4F85C200130A66984F8600094
:100C300001200A802074A1E094F8601094F86320E9
:100C400001F0010102F00F028B011202C0F30F3715
:100C500043EA073342EAC111194401F136024CF26A
:100C6000F236D3B2C0F60006F35CC1F30721594057
:100C7000715CC0F307404840305C4CF6D42180EAF8
:100C80001730C0F60001085C214642EA007041F8C6
:100C9000200FEFF3108072B6886A00285ED062B62B
:100CA00094F82400002868D14EE000BF032084F8A7
:100CB0002400A16462B65CE0032084F82400A164EF
:100CC00062B66069A36D04229847022084F864002C
:100CD00053E000BF032084F82400A16462B648E01A
:100CE0004FF0000C94F870104CF2F237090141EA11
:100CF000C01040EA082040EA823040EA46514A1DCE
:100D0000D3B2C0F60007FB5CC0F307205840385C44
:100D1000C1F307435840385CC1F3036148404CF6C7
:100D2000D421C0F60001085C214642EA007041F877
:100D3000200F81F844C0EFF3108072B6886A98B132
:100D400062B694F82400C0B9022084F8240014E0AC
:100D5000032084F82400A16462B60AE0032084F82A
:100D60002400A16462B604E0032084F82400A16496
:100D700062B66069A36D0422984700266069636DBE
:100D8000294604229847304601B0BDE8F08300BFF1
:100D900094F87010C6F302178F427FF47CAE7FE6A2
:100DA00094F87010C6F302178F427FF48FAD2021A4
:100DB00001EB421701EB4811A7819F01A4F85E10D7
:100DC0000121E78184F8641080E5000070B5D2F855
:100DD00000C04CF2F2365FFA8CFEC0F6000616F840
:100DE0000E40CCF307256540755DCCF307446540A4
:100DF000765DCCF303656E404CF6D425C0F6000555
:100E0000AE5D4CEA06761660EFF3108672B6866C1D
:100E1000C6B162B6F1B10A2926D0092920D1D0E99C
:100E200010C6DCF80010891A18BF0321002E08BF75
:100E3000C0F844C002208CF80600C8B2ACF80430F8
:100E400070BD00BF0A291FD0092923D1016C0326D8
:100E50008E7124E090F8241091B9022180F82410BA
:100E60000021C8B270BD00BF90F82E10012907D133
:100E7000022180F82E1083850021C8B270BD00BF0A
:100E80000321C8B270BD00BF032600F1280180F81D
:100E90002E6004E000F12001032680F824608164C4
:100EA00062B64169866D084611461A46B047002170
:100EB000C8B270BD0A2A0DD190F82E20012A84BF35
:100EC00000207047826A04320A60012280F82E20D6
:100ED0001046704790F83620022A0FD390F83E2033
:100EE000012A84BF0020704750F8383F01228271E8
:100EF0008060181D08601046704700BF50F8303FF2
:100F0000012282710061181D0860104670470000C0
:100F100010B590F864C0BCF1020F1CBF022010BDD8
:100F200090F86C4043EA021E8C46012C4CF804ED0C
:100F300002BF4FF6CA648C5202320A2B03D1017CE5
:100F400061B100210174111D1FFA81FE194662462C
:100F50007346BDE81040FFF739BF00BF012010BD48
:100F600010B504464069E16C88474FF0000C606999
:100F7000636DA4F864C004F11C01042284F860C00D
:100F8000BDE8104018470000B0B50446006803F003
:100F90004FFB0B2828D006281CD0002866D194F8D7
:100FA0003C00C00762D0206803F0FEFA04285FD03E
:100FB00003283DD0022807D120680021806A002242
:100FC000002509F0C5F925872068BDE8B04003F089
:100FD0007DBB00BF94F83C102068C90712D1BDE862
:100FE000B04003F087BB00BF94F83C1088073DD5A4
:100FF000206801F0FD0184F83C10BDE8B04003F02A
:10100000AFBA00BF03F0D0FA04281FD0032829D0BC
:1010100002282BD1E18E208F814227D02068628F59
:10102000806A09B209F094F9E08E2087B0BD00BF54
:101030002068B4F93610628F03F084FAE08E2087BE
:101040002068BDE8B04003F041BB00BF2068A18E1E
:10105000C28A914208BFB0BD628F09B2BDE8B040FC
:1010600003F076BAE18E208F81420DD1B0BD00BF72
:101070002068B4F93410628F03F06AFA2068BDE882
:10108000B04003F023BB00BF2068628F09B203F0B9
:1010900059FAE08E2087B0BD0146006800228A8799
:1010A00003F028BB002180F83210818770470000D0
:1010B000F0B581B02DED088B8CB042F24C16C2F227
:1010C0000006B078002800F0E380306940F208079D
:1010D00000F0F851B1F1807FC2F200071CBF010A95
:1010E000B970C1B23C78FE2918BF8C4240F0D08064
:1010F000C0F30461122900F2C980BD78DFE801F075
:101100000A14C66C70786298C6C6C6C6C6C6C6C67D
:10111000C6C6BE0047F29050C1F6FF70D0E900018C
:10112000CDE90001200291E0B08ABAEE090A40BA86
:10113000F2EE090A10210AF0DFFDF08AB0EE408AD3
:1011400040BABBEE0E0AF3EE0E0A10210AF0D4FDEF
:10115000308B9FED52BADFED520AB0EE409A40BAA2
:10116000B0EE4B0A10210AF0C7FD708BB0EE40AA1A
:1011700040BAF1EE040AB0EE4B0A10210AF0BCFDB1
:10118000B6F81100B0EE40BABAEE080AF2EE080A5C
:1011900010210AF0B1FD42F2FC00C2F2000000781A
:1011A000062873D140F6D820C2F2000080ED0D8AE7
:1011B00080ED0E9A80ED0FAA80ED10BA80ED110A35
:1011C00064E000BF307D012860D144F2AC50C2F22F
:1011D00000000121017055E00120307052E000BF95
:1011E000307D00210128317004BF0120707049E07A
:1011F00040F6C412C2F2000240F20C00B2F85830BD
:10120000C2F200000221017043F00300A2F858006E
:1012100047F67120CBF6724000904FF6C010CFF623
:10122000FF70019045EA042000F1A0600FE000BFCC
:10123000000C387004F0B6FE47F29050C1F6FF7013
:10124000D0E900010191397800900802FE30039046
:101250004FF08040049000200590082107900890EE
:1012600009900A900B9042F260000691C2F20000D1
:1012700003A96A4601F080F908E000BF06F11400F6
:1012800009F0AAF82846214600F00EF80020B070B8
:101290000CB0BDEC088B01B0F0BD00BF0000000039
:1012A0000000FA4300000000F0B58BB00D46074681
:1012B00003F070FF42F24C1440F20C03C2F200043F
:1012C00040F2181642F2FC02C2F200032478C2F285
:1012D0000006C2F200021B78B6F87C101278002CCF
:1012E00018BF0124E403022B08BF4FF48044022AF4
:1012F0004FF4007200F0040302EA500245EA83133F
:1013000008BF4FF480441A4400F00800B1FA81F19C
:1013100096ED020A42EAC01049099FED351A40EAEB
:101320004130B8EEC00A051920EE010AFAEE090AAA
:10133000B2EE091A102009F057FBB6F90C1000BAEA
:1013400000EE101A9FED2B1A000CB8EEC00AADF893
:10135000000020EE010AFBEE0E0AB3EE0E1A10207A
:1013600009F042FB00BA000CADF8020003F00AFFDE
:1013700010EE100A0AF0A2FF9FED1B0B53EC102B8E
:101380000AF09EFE0AF06AFE00EE100AFAEE080A63
:10139000B2EE081A102009F027FB010A8DF80500AB
:1013A0004FF47A40ADF80600F8B240EA052040F06C
:1013B000007002904FF080408DF8041003900020E0
:1013C00008210490CDE90510CDE90700CDE9090019
:1013D00042F26000C2F2000002A96A4601F0CCF8B5
:1013E0000BB0F0BD00BF00BF52B81E85EB511F40CF
:1013F000C3B8323735FA8E3D03F028BE80B586B0CB
:1014000003A9019105900598D0ED090A90ED0A0A0B
:101410000AF0C2FC019880ED010A90ED010AB5EED8
:10142000400AF1EE10FA0ADAFFE7019890ED010A9E
:101430009FED101A30EE010A80ED000A02E00498D8
:101440000390FFE7019890ED000A9FED0B1A20EE44
:10145000010ABDEEC00A10EE100AADF80A000498A9
:101460000599C862039805990863BDF80A0006B09B
:1014700080BD00BFDB0FC940E0F82246028811FBA7
:1014800001F3524311FB313393429EBF080CC1EA72
:1014900000407047B0B5458811FB31F005FB05F3FE
:1014A000002948BF6D42984238BF0346A2EB0300B3
:1014B0004FEA014498BF0D1403F0B2F90146002C25
:1014C00048BF4942A8B2BDE8B040C1EA00407047F9
:1014D00010B5044642F24C10C2F2000094F84A10D3
:1014E00042F24D120078C2F2000201F0FC011278C3
:1014F000084340EA4201206884F84A1003F098F853
:10150000A0F10A0102290BD3062819D010BB94F8C8
:101510004A00C0071ED02068BDE8104003F0D6B8CE
:1015200094F84A00800758BF10BD206803F018F8EF
:1015300094F84A0000F0FD0084F84A000AE000BF79
:1015400094F84A00C00705D12068BDE8104003F0B8
:10155000D1B800BF10BD000010B5044600680021DE
:10156000A4F84A1003F0C6F8206800210022BDE864
:10157000104002F0E7BF0000002180F83210C0F8F0
:101580004210C0F84610A0F84A10704710B5044643
:1015900090F84A00410718D5A28F618F606B1346FF
:1015A000914238BF0B4688BF0A468283B4F8402078
:1015B000E18FC283228F01830021438380F836109C
:1015C000026007F00FFF94F84A0000F0040100F0F9
:1015D000F70040EA4100216884F84A00CA6AC869F5
:1015E000116807F0D5FB206800210022BDE81040FB
:1015F00002F0AEBF10B50446006803F019F80628E3
:1016000018BF10BD94F84A0041070BD4010739D424
:10161000B4F84210B4F84420914218BFA4F8441022
:1016200036E000BF00071CD4A28F618F606B1346A9
:10163000914238BF0B4688BF0A468283B4F84020E7
:10164000E18FC283228F01830021438380F836100B
:10165000026007F0C7FE94F84A0040F0080084F8E2
:101660004A00606B07F002FF616BA4F8480091F834
:1016700037209AB1084606F0E7F978B1206803F000
:1016800039F80BE0B4F84810A4F84210A4F844105C
:1016900000F0F70084F84A00A4F84810B4F84810A5
:1016A000B4F84620206841EA0241BDE8104002F04B
:1016B000CDBF00008EB00C908DF82F10ADF82C200F
:1016C000ADF82A309DF82F008DF813004FF0FF3051
:1016D00003909DF82F0028B1FFE79DF82F000928FF
:1016E00025D1FFE7BDF92C004DF6F101CFF6FF71D2
:1016F00088421CDBFFE7BDF92C0042F20F718842E3
:1017000015DCFFE7BDF92C00012804DBFFE7002012
:101710008DF8370084E0BDF92C00B0F1FF3F04DC08
:10172000FFE709208DF837007AE0FFE7FFE79DF833
:101730002F0018B9FFE70920019004E09DF82F0061
:1017400001380190FFE701988DF827009DF82F00E0
:101750008DF828009DF82F00092803D1FFE700200D
:10176000009004E09DF82F0001300090FFE7009802
:101770008DF8290000200290FFE7029802284ADC39
:10178000FFE7029A0DF12700805CC0EB0040BDF935
:101790002C10084448F63961C3F6E301A0FB0110A0
:1017A000400808A921F81200BDF82A00029A31F871
:1017B000121088420BDBFFE7BDF82A00029A08A945
:1017C00031F81210401A05A941F822000AE0029AE5
:1017D00008A830F81200BDF82A10401A05A941F8EF
:1017E0002200FFE7029905A850F8210003998842DA
:1017F0000CD2FFE7029905A850F821000390029946
:101800000DF12700405C8DF81300FFE7FFE7029819
:1018100001300290B1E79DF813008DF83700FFE723
:101820009DF837000EB0704784B0ADF80E000291FD
:1018300000208DF807000090FFE7009809281CDCC5
:10184000FFE7BDF80E000299009A31F812108842A5
:101850000EDBFFE7BDF80E000299009A01EB420192
:101860004988884204DAFFE700988DF8070004E011
:10187000FFE7009801300090DFE7BDF80E00029905
:10188000898A884204D1FFE709208DF80700FFE725
:101890009DF8070004B070472DE9F04741F6307518
:1018A000C2F200056A6B696BE86AEF6993B2BBB17B
:1018B0006A6AAE6AB24242F2E006C2F200060CBFA9
:1018C000B260B2687478CCB13178BB1A18BF01230A
:1018D000012937D197421CBF0021317032E000BF8F
:1018E00042F2E000C2F200004178012940F0848019
:1018F000002141700220E862BDE8F087090C19441C
:10190000042303EB810141F23013B3FBF1F743F2FF
:101910002C43C2F20003013F07FB0137C6E9031362
:10192000974247D14FF4807131800021C6E90511FB
:10193000EB612B6240F00200D31AC6E90112E862A3
:1019400018BF01237269013272612F6BBA424AD308
:1019500000220029726146D193B3D6E9030172686F
:1019600000EB0108A8F1010941F8042B8945316118
:101970002DD341F6247A05F13807C2F2000A0AE0B5
:101980005AF82010204608378847316941F8040B7F
:10199000894531611AD37C6838680328F0D1DAF8B8
:1019A0000810204688473169043441F8040B0220AE
:1019B0003161E5E740F00400E862BDE8F08700BF70
:1019C000012140F001003170E8620CE0F068E96844
:1019D0004844884203D9D5F80880A8683061C5F822
:1019E0001C80C5F8208070680130706038BFBDE889
:1019F000F087B0690130B061BDE8F08710B50446EA
:101A0000808988B101380104A0811CBF002010BD6D
:101A1000B4F91400217E90FBF1F1A06809B200F046
:101A20002BF90120A07310BD012010BD80E80E002D
:101A30000121C1817047000010B5044640680021B3
:101A4000002208F085FCD4E90001B4F914204B7899
:101A50000A8692FBF3F38A80CB80042107F094F985
:101A600020680021002207F017F92068B4F912104D
:101A7000E28A07F011F9E08A218A484344F6D351FB
:101A8000C1F26201A0FB0101012000EB9110A081D5
:101A900010BD00002DE9F041026A014690F884C0B3
:101AA000106840F040001060D0684FF6FF709081E1
:101AB0009068C00709D19068C00704BF90685FEACA
:101AC000C07002D19068C007F2D0D068136880B2AD
:101AD00023F0400313608A6E800802FB00F3B1F923
:101AE0007EE01A14A1F878000025BEF1000F48BF6F
:101AF000A5EB234291F88C384C78012B02FB04F3C0
:101B00001FD1B1F88820012797400744013F1741B2
:101B100020FA02F617F47C4F08BFBDB201F18A0724
:101B200006FA02F837F8155037F81660A0EB0800EF
:101B3000AD1B10FB05F01041304403FA80F393FB1A
:101B4000F4F2C888CA80101A00B28A688B800346F3
:101B5000BEF1000FD8BF5B421A448A6091F886201C
:101B600001EB8202906291F88600013081F88600D4
:101B700091F88600604505D30022BCF1000F81F882
:101B800086202BD0ACF1010003280CF0030E03D209
:101B90000020002211E000BF0CF0FC030020002216
:101BA00001EB8007D7E90A65D7E90C4732442A449C
:101BB0002244043083423A44F2D1BEF1000F0DD0EA
:101BC00001EB8000836ABEF1010F1A4406D0C36A9C
:101BD000BEF1020F1A441CBF006B02440020C1F882
:101BE0008020BDE8F081000080B5426AD0F88030E6
:101BF000A2FB03CEDB1702FB03EE90F884304FEA22
:101C00001C4242EA0E42002B18BF92FBF3F20A80FC
:101C100083898281D31A4382BDE8804006F0D8BF11
:101C200010B590F88410044621B104F12800890011
:101C3000FEF74BFC012084F8850010BD016F4FF0CA
:101C4000FF32B2FBF1F1B0F86C20816602EB820149
:101C5000490041620021A0F87A1090F88410012216
:101C60000029A0F87E2008BF704780B52830890081
:101C7000FEF72BFC80BD0000C288C1808A1AA0F844
:101C80007A204278514381807047000070470000FD
:101C9000F0B581B0044690F85A00062844D00528D3
:101CA00050D0002858D1B4F85800C00754D0B4F927
:101CB0005400226CC103666BB1FBF2F1B2EBC03F82
:101CC00088BF0121E1640027012506F18A004FF455
:101CD0000061A6F87A70A6F87E50FEF7D4FB206863
:101CE000002186F88C7802F0B1FC206802F0C6FC76
:101CF00020680021806A002208F02AFB2068002169
:101D0000806A08F021FB206802F0E0FCB4F858007B
:101D100084F85A5020F00100A4F8580001F05AFA53
:101D2000E06301B0F0BD00BFB4F85800800706D5ED
:101D3000606B4AF2A001A0F87C1004F033F9002097
:101D400008E000BF206802F0D5FC606B012180F83C
:101D50008C18062084F85A0001B0F0BD10B5044676
:101D6000006802F065FC062840F0C08094F85A0034
:101D70000138032888BF10BDDFE800F0025A2A446A
:101D800001F028FAD4E90F12411A914240F28A80F8
:101D9000606BC088A4F8480001F01CFAA16BE063F6
:101DA000084604F069FBA06B202104F073FBA06BD4
:101DB0004FF40041012204F03DFBA06B202104F010
:101DC00077FB00202065022084F85A0010BD00BF78
:101DD000216DB1F5803F05DB606B42780132B1EBDC
:101DE000024F35D3A06B04F0E1FA00284CD0A06B71
:101DF0004FF40041012204F01DFB042084F85A0036
:101E000010BD00BF216DB1F1011F05DB606B427891
:101E10000132B1EB024F1BD9A06B04F0C7FA98B3A3
:101E2000206802F067FC052084F85A0010BD00BF4E
:101E3000A06B04F0BBFA38B3616BB4F84820C888D3
:101E4000801A00B210F5B66F38DA4FF6FF7039E03D
:101E5000B0F87810B0F88820D1400022B2EB912F72
:101E600012D122688388926A00EB41009288D21ACC
:101E7000A4F85620B0F98A1001FA82F30133002940
:101E800018BF5A08A0F88A20A06B04F023FB216D2C
:101E900022680B18906A19B22365BDE8104008F05B
:101EA00053BA00BFE26C2068514349004FF6FF72FD
:101EB0009143BDE8104002F0C9BB00BFB0F5B66F5A
:101EC00010DD0120A1F87E00032084F85A00497833
:101ED000A06B4FF4C03202EB01410122BDE810407B
:101EE00004F0A8BA94F85A000328F0D010BD0000FE
:101EF000002180F8321080F85A10704780B584B005
:101F00004EF60000C0F60100029002984FF4006106
:101F100009F046FEADF80600BDF8060040F21811C3
:101F2000C2F20001B1F88A18884204D0FFE700200D
:101F30008DF80F0021E00020ADF80400FFE7BDF8A8
:101F40000400B0F5806F14DAFFE70298BDF80420B2
:101F500030F8120040F21811C2F2000101EB420108
:101F6000A1F88A00FFE7BDF804000130ADF80400D5
:101F7000E5E701208DF80F00FFE79DF80F0004B0A2
:101F800080BD000080B584B040F21810C2F200009D
:101F900000908A30039003984FF40061019109F09A
:101FA000FFFD0099019AA1F88A0803994EF60000F6
:101FB000C0F6010003F00AFB8DF80B009DF80B0042
:101FC00000F0010004B080BD42F26000C2F20000E7
:101FD00000F01ABC41F6B870C2F20000027F02F0B5
:101FE000FD01012942F20001C4F2020106D002F013
:101FF000FE02022A16D00021017770470B6823F4F5
:1020000000730B600B6843F400630B600B6823F4F0
:1020100000630B600B6843F400730B6002F0FE0278
:10202000022AE8D10A6842F480520A600A6822F45F
:1020300080520A600A6842F480620A6000210177D7
:102040007047000070B542F210060446C4F2020662
:1020500001F0C0F8054600BF3068C00306D501F0A6
:10206000B9F8401BA042F7D9032070BD30684CF28C
:10207000FA3101400AD041F6B870C2F2000042685D
:102080000A4342600120316070BD00BF3068C00764
:102090004FF0000008BF70BD0121316070BD00002D
:1020A0002DE9F0410446EFF3108072B642F2681158
:1020B00004EB0410C2F2000101EB40073E4636F883
:1020C0000C5F40F6343104EB4400C2F20001B6F874
:1020D000028001EB001062B602F066FA317D71B940
:1020E000013802280BD341F6E470C2F2000050F828
:1020F000240006F099FD788302F0A6FF0546EFF371
:10210000108072B63580A6F8028062B6BDE8F08114
:10211000B0B540F63431044600EB4000C2F2000195
:1021200001EB0015284602F03FFA42F2681C04EB6E
:102130000413C2F2000C03380CEB4301002210F12F
:10214000030F41F6E0704CF813204A608A609CBF90
:10215000CA606A62C2F2000050F82400C1F81A2076
:10216000C1F81620C1F81220002103F02DFC41F621
:10217000DC70C2F2000050F82400002103F024FCBF
:1021800041F6E470C2F2000050F8240006F076FD3B
:1021900044F2A850C2F2000050F82400BDE8B0405C
:1021A00003F0DCBD2DE9F04F83B0009005F038FB63
:1021B00005F000FB40F21810C2F20000FFF76AFCC5
:1021C00040F63430C2F2000002F0EEF941F6E4715C
:1021D000C2F2000144F2A85A0968C2F2000ADAF811
:1021E000002049691368B1F80480044602A910462A
:1021F0009847029802F09EFA0FFA88F63146834615
:1022000002F0C0FADAF8001042F2681991F884106E
:102210000546C2F20009E9B341F6E070C2F20000DF
:10222000B9F90C1000682AB2891A03F0FFFB0746BF
:1022300041F6DC70C2F20000B9F90E100068A1EBA3
:10224000254103F0F3FB012C08D144F2A050C2F267
:102250000000006803F0A8FA0746000CC7EA004136
:1022600040F2C600C2F20000FFF708F9314604460A
:1022700002F0C2FADAF80010064691F884207AB12A
:102280000846314603F092FC0138B0FA80F0470965
:1022900007E000BF00270020012CD6D0DEE700BFFA
:1022A00000270298290CC9F81240C9F80000C9F8A3
:1022B00004B0A9F80850A9F80A10C9F81660A9F8DE
:1022C0001C8002F0F1FE40F63430C2F200003FB153
:1022D0000121002202F05AF95DF80C0BBDE8F08FE5
:1022E00040780628F8D140F21810C2F20000808829
:1022F0000DF10601ADF8060041F67860C2F200006B
:1023000007F0B8FF5DF80C0BBDE8F08F2DE9F04148
:1023100044F2A85140F63840C2F20001C2F2000077
:10232000086004F043FB40F6D035C2F200052846B1
:1023300003F042FB40F21816C2F200063046FFF7E7
:102340007DFC41F6E478C2F2000840F6A81741F699
:102350007864D8F80010C2F20007C2F200043846D0
:1023600022463346FFF762FB44F29850C2F2000067
:10237000076040F6FC30C2F2000003F01DFBD8F805
:1023800000002946324606F0E9FC40F6A430C2F2CD
:10239000000003F011FB40F67830C2F2000003F0B9
:1023A0000BFB41F6D870C2F20000006840F2B401A5
:1023B00042F2681640F66835C2F20001C2F2000629
:1023C000C2F20005C0E902612846214603F0E8F99F
:1023D00044F2A050C2F20000056044F2A45141F65C
:1023E0008850C2F20001C2F20000086005F024FB30
:1023F0000020FFF78DFED8F80000012186F820109C
:1024000006F0A0FCD8F80010F060084606F09AFC30
:1024100040F63434000CC2F200043082204602F050
:1024200047F9D8F8000006F095FC01462046002246
:10243000BDE8F04102F086B8FF2808BF704702F0FF
:1024400083BE0000B0B5044600F0C4FE054640F26D
:102450000000C2F200004068611C18BF044400BFC5
:1024600000F0B8FE401BA042FAD3B0BD10B590F802
:102470005C30013B012B69D800685FEA417ED0F8EF
:1024800058C00CF0010300D01BB311F0380F02D07C
:102490001CF002041DD011F4E07F02D01CF00404F3
:1024A00017D011F4F05F02D01CF0080411D011F421
:1024B000604F02D01CF010040BD011F4403F02D04A
:1024C0001CF0200405D011F47C0F06D01CF0400451
:1024D00003D1C46D44F00104C465BEF1000F18BF00
:1024E000002B3BD111F0380F18BF1CF0020335D17F
:1024F00011F4E07F18BF1CF004032FD111F4F05F3A
:1025000018BF1CF0080329D111F4604F18BF1CF04C
:10251000100323D111F4403F18BF1CF020031DD13C
:1025200011F47C0F18BF1CF0400317D10B061BD40D
:10253000CB0504D5D0F8E0301A43C0F8E02000F114
:102540005402002013681943116010BD00F16002AD
:102550000120022113681943116010BDC36D43F0BF
:102560000203C3650B06E3D5D0F8DC301343C0F893
:10257000DC30CB05DED4E2E790F85C30022B17D1DB
:102580002DE9F0410668D6F8C4309B0216D4D6F87F
:10259000C430D1E90075D1F808E00C69C3F3014CEF
:1025A000A5B144EA070343EA0E0343F0804E11E06D
:1025B000016E41F00801016601207047016E41F48F
:1025C000007101660120BDE8F08100BF44EA874345
:1025D0004EEA030ED1E90757D1E9058445EA0765BC
:1025E000CB682C43456D44EA08040CEBCC0744EA65
:1025F000034405EBC70345F837E05C60CF6887B15B
:102600004CF6E425083303320024C0F6000500BF71
:10261000171957F8037C1F51CF680434EF5DBC4293
:10262000F6D3012101FA0CF1C6F8CC108165002027
:10263000BDE8F08190F85C20013A012A14D880B5F9
:102640000A68BAB101F1040E9EE80450D1E90431E0
:10265000406C43EA4E7E41EA8C7100EBC20340F8C5
:1026600032E05960002080BD016E41F00201016638
:1026700001207047D1E90323D1E901CED20649698F
:1026800042EA8E7242EA0342006C114340F82C1079
:10269000002080BD70470000704700002DE9F04326
:1026A00090F85C70022F1BD1D0F800C040291FD1D8
:1026B000DCF890703F0700F09D80DCF89070FF011F
:1026C00046BFDCF88070C7F340270027DCF8906035
:1026D000C6F3012606EB070C00F148071DE000BF1A
:1026E000016E41F0080101660120BDE8F08300BFE2
:1026F000DCF898703F077DD0DCF89870FF0146BF8A
:10270000DCF88070C7F300270027DCF89860C6F378
:10271000012606EB070C00F14C073F680CEBCC06DA
:1027200057F8365007EBC60E15F08045556057F840
:10273000365025F0604408BFC5F38A44146057F84A
:10274000365005F00055956057F8364004F00044C7
:102750001461BEF80440D461BEF8064014F00F04C2
:10276000D460DEF8044004F480145461DEF80440C0
:1027700004F4001494619EF8074004F07F0414628E
:10278000DEF804404FEAD474546228D04CF6E428B2
:102790000024C0F6000800BF0EEB0406377A651C63
:1027A0001F55D76818F80770BD4218D2757A1F19DF
:1027B0007D70D56818F80590A51C4D450FD2B57AE7
:1027C000BD70D56818F80590E51C4D4507D2F57A1F
:1027D0000434FD70D56818F80550AC42DCD30068AD
:1027E00040290CBFC0F894C0C0F89CC00020BDE8D0
:1027F000F08300BF016E41F4807101660120BDE8E5
:10280000F0830000704700002DE9F04F85B00446CA
:102810000068016D426DD0F850B0456D076D466D92
:10282000036D01EA02080493436D0393036D029361
:10283000436D0193D0F854A0D0F850905FEA4963FB
:1028400007D51AF0400104D0402101652046FFF76A
:10285000D9FF0BEA050B5FEAC95008F4E0550ED525
:102860001AF480700BD02068D0F8D810D0F8E0208F
:1028700011404FF480720265204600F013FA374091
:102880000BF007062DB1206829460565204600F0AB
:102890000DFA07F038052EB120683146066520464E
:1028A00000F0CEF92DB1206829460565204600F0DC
:1028B000DDF95FEA895009D51AF4007006D0206866
:1028C0004FF400710165204600F0F2F95FEA0960FB
:1028D0000DD51AF080000AD02068D0F8D410D0F8B6
:1028E000DC20114080220265204600F0DDF95FEA1D
:1028F000894009D51AF4005006D020684FF40051E1
:102900000165204600F0CCF95FEA0940DDE90110DD
:1029100000EA010509D51AF4004006D020684FF4FA
:1029200000410165204600F0B9F9DDE903100840D7
:102930005FEA494105F460210AD51AF4804207D0C4
:1029400022684FF480431365226E42F080022266B3
:1029500000F4710521B1206801652046FFF79CFE57
:1029600025B120680565206E28432066206E28B1B9
:10297000204605B0BDE8F04FFFF78CBE05B0BDE8BE
:10298000F08F0000002804BF0120704770B5044696
:1029900090F85C0028B9002084F85D00204600F023
:1029A00017F92068816921F01001816100F012FCA3
:1029B000054600BF20688169090705D500F00AFCBB
:1029C000401B0B28F6D310E0816941F001018161C1
:1029D00000F000FC054600BF21688869C0070DD1E2
:1029E00000F0F8FB401B0B28F6D3206E032140F0CB
:1029F00001002066012084F85C1070BD4AF200409E
:102A00008A69C4F20000A0F5804342F002029942B4
:102A10008A6105D162684CF20013CFF6FF73C25091
:102A2000227C8B69012A23F0400318BF40338B615D
:102A3000627C8B69012A23F4804308BF03F580433D
:102A40008B61A27C8B69012A23F4805318BF03F5A4
:102A500080538B618D69D4E902E325F4407545EA22
:102A60000E058D618D6925F0A4058D610D6925F038
:102A700010050D61A3B1012B0ED0022B09D08D6979
:102A8000032B45F080058D610D6945F010050D6142
:102A900006D1202301E000BF04238D692B438B6105
:102AA000D4E90535D4E907266FF0FF0C013D0CEBA6
:102AB000022242EA4562751E2A430025CFF6FF75C1
:102AC00005EB03431A43BEF5407FCA6110D1D4E938
:102AD00009E3D4E90B62013B0CEB062633436FF0AC
:102AE0000F0606EB02121A4305EB0E431A43CA60A7
:102AF00004F134064CCED1F8C0502E43C1F8C0606A
:102B00002064D1F880604AF2704526F4F816C4F2C9
:102B1000000546EA0242C1F880206564D1F88020B1
:102B200022F0706242EA0362C1F8802005F14001A0
:102B3000A16405F58C71E16405F5F871216505F571
:102B400002716165002105F5037200BFC0E9001143
:102B5000C0E90211C0E90411C0E90611C0E9081179
:102B6000C0E90A11C0E90C11C0E90E11C0E9101149
:102B7000C0E91211C0E91411C0E91611C0E9181119
:102B8000C0E91A11C0E91C11C0E91E11C0E92011E9
:102B9000C0E92211C0E92411C0E92611C0E92811B9
:102BA000C0E92A11C0E92C11C0E92E11C0E9301189
:102BB000C0E93211C0F8D010904200F1D400C5D362
:102BC00000200121A065206684F85C1070BD000023
:102BD000006846F20041C4F20001884218BF704705
:102BE00080B586B041F24C00C4F20200C16B0222F3
:102BF00062F31961C163C16841F00071C160C168CD
:102C000001F0007101910199016841F00101016039
:102C1000006801A900F00100019001984FF4C05034
:102C2000CDE901020020CDE90300092005904FF015
:102C3000904000F0FFF906B0BDE88040704700000A
:102C400010B58AB042F24C14C2F2000404F114032D
:102C50006A464021FFF722FD10B10AB010BD00BF47
:102C6000009820610120A0700AB010BD70470000DC
:102C700090F85C1001290BD1022180F85C100168EA
:102C80008A6922F001028A610021016608467047C4
:102C9000016E41F004010166012070477047000099
:102CA0007047000070470000704700007047000048
:102CB000704700002DE9F04381B041F6B879C2F2C7
:102CC000000999F80020012A04D1022001B0BDE8D2
:102CD000F08300BF0546012089F800004FF47A70A8
:102CE0008846FFF7AFF928B1002189F8001001B03C
:102CF000BDE8F08342F200070020C4F20207C9F8E1
:102D000004003868396849053AD4C0F3402089F88E
:102D10001C002868012842D04FF0FF30C8F800009E
:102D2000D5E902402044844221D2E600786906F4C5
:102D3000FF6120F4FC7008437861786940F002007C
:102D40007861786940F4803078614FF47A70FFF7E9
:102D500079F97969002821F4FD71796162D1D5E9A9
:102D6000020101340844844206F10806DED3002043
:102D700099F81C1001F0FD02012A29D038E000BFAB
:102D8000396810F400704FF0030021F4806108BF2F
:102D90000220396089F81C0028680128BCD12879F4
:102DA000C00703D0786940F004007861786940F486
:102DB000803078614FF47A70FFF744F9796921F037
:102DC0000401796199F81C1001F0FD02012A0FD16C
:102DD0003A6822F400723A603A6842F400623A605B
:102DE0003A6822F400623A603A6842F400723A604B
:102DF00001F0FE0102290BD1396841F4805139609C
:102E0000396821F480513960396841F48061396052
:102E1000002189F81C10002189F8001001B0BDE8DC
:102E2000F08300BFC8F8004099F81C1001F0FD02C3
:102E3000012ACDD0DCE7000042F21400C4F2020007
:102E4000016841F0004101600068C043C00F704755
:102E50002DE9F04741F6B879C2F20009924699F897
:102E60000020012A04BF0220BDE8F087804642F21C
:102E7000100501201F460E46C4F2020589F8000025
:102E800000F0A8F9044600BF2868C0030CD500F084
:102E9000A1F9001BB0F57A7FF6D90324002089F848
:102EA00000002046BDE8F08728684CF2FA3108405F
:102EB0000CD0D9F8041001240143C9F8041028608B
:102EC000002089F800002046BDE8F0872868C00788
:102ED0001CBF012028600020C9F8040055F8101C10
:102EE000490506D555F8100C20F4806045F8100C03
:102EF0000220B8F1000F89F81C0045D0B8F1020F8C
:102F000050D86868AAF1400240F480206860EFF36E
:102F10001080EFF3108172B6A6F14001402300BF8C
:102F200052F8407F103B41F8407F57681E064F60C3
:102F300097688F60D768CF6017690F6157694F61D5
:102F400097698F61D769CF61176A0F62576A4F62BD
:102F5000976A8F62D76ACF62176B0F63576B4F63A5
:102F6000976B8F63D76BCF63DAD1B8F1020718BFC5
:102F7000012780F310886FF48026B8F1020F18BF84
:102F80004FF0FF3611E000BF686840F00100686054
:102F9000C6F800A0BFF36F8F77606FF001060027BF
:102FA00003E000BF4FF0FF36012700F013F904469D
:102FB0002868C00308D500F00DF9001BB0F57A7F32
:102FC000F6D9032412E000BF28684CF2FA31084019
:102FD00006D0D9F8041001240143C9F8041004E014
:102FE00028680024C00701D00120286017B968684C
:102FF00030406860FEF7EEFF002089F800002046B0
:10300000BDE8F08742F20800C4F20200C168B1F1E5
:10301000FF3FC4BF0020704740F22311C4F2675144
:10302000016048F6AB11CCF6EF510160C068C00FEB
:10303000704700002DE9F04F82B00D68002D00F0C0
:10304000C58000F13847860546EA972741F20046D9
:10305000C4F60006062240F2004EB04208BF052228
:10306000C4F2010E052F38BF3A464FF0000C012480
:1030700000270026009209E00D68013635FA06F2B5
:1030800007F102070CF1040C00F0A08004FA06FB23
:1030900015EA0B08F0D0D1F804A003230AF00305C9
:1030A0006A1EBB40012A6FEA03090FD88268CB6809
:1030B00002EA0902BB401A4382604268CAF3001365
:1030C00022EA0B02B3401A43426003E0032D01D110
:1030D00003251FE0C2688B6802EA0902BB401A435D
:1030E000022DC26016D16FF0030202EA56020244BA
:1030F0000CF01C050F23D2F820A003FA05FB0B6986
:103100002AEA0B0AAB4043EA0A031362D1F804A08F
:103110000AF00305026805FA07F302EA09021A43F6
:103120001AF4403F0260A7D041F26003C4F20203E8
:103130001A684FF6084A42F001021A601A68CFF680
:10314000FF7A02F001020192019A26F00302724412
:1031500052F80A900CF00C050F23009CAB4029EAB2
:10316000030304FA05F52B4342F80A30DEF8082081
:103170004B6842EA080540F20C49DC0258BF22EADB
:103180000805CEF80850C4F20109D9F800209D02C4
:1031900042EA080458BF22EA0804C9F80040DEF8F1
:1031A00004209D0342EA080458BF22EA0804CEF82E
:1031B0000440DEF80020DB0342EA080458BF22EA9C
:1031C0000804CEF80040012456E700BF02B0BDE875
:1031D000F08F000044F2E850C2F20000006870472F
:1031E00040F2000044F2E851C2F20000C2F20001D5
:1031F00040680A68104408607047000080B542F2D9
:103200000000C4F20200016841F4807101600320F3
:1032100000F090F8042000F009F800281CBF0120FD
:1032200080BD00F029F8002080BD000070B540F29C
:103230000006C2F200067168E1B1044641F628605A
:10324000C2F200004FF47A720068B2FBF1F1B0FBF9
:10325000F1F000F093F80F2C4FF0010508D838B9C1
:103260004FF0FF3021460022002500F037F834608F
:10327000284670BD012070BD80B582B041F2580073
:10328000C4F20200816841F001018160816801F0AF
:10329000010101910199016841F0805101600068CC
:1032A00000F0805000900098042000F043F802B035
:1032B000BDE8804000F050B8002848BF704700F0DB
:1032C0001F01012202FA01F11C2202EAD0004EF293
:1032D0000012CEF2000281507047000010B54EF689
:1032E0000C5CCEF2000CDCF80030C3F3022E8EF042
:1032F0000704042C28BF0424BEF103034FF0FF3E53
:103300000EFA04F438BF0023A14399400EFA03F3E8
:103310009A43114300F00F0200F160430901043A9F
:1033200003F564436244002848BF02F10C0319709E
:1033300010BD00004EF60C51CEF200010A684FF6A7
:10334000FF031A4060F30A2242F0806040F0FD70F3
:103350000860704707F032FB47F20800C4F2000033
:10336000016841F4804101607047000041F6286027
:10337000C2F200000068704770470000411E002044
:10338000B0EB116F1CBF012070474EF21002CEF25D
:10339000000251604EF62351CEF20001F0230B7073
:1033A0000721906011607047FFF7E6BF00F038001A
:1033B000082804BF01207047182804BF0420704764
:1033C000102814BF002002207047000000F03802CF
:1033D000102A40F07F8020F00700B0F5196F15DB50
:1033E000B0F5296F28DAB0F5216F49DAB0F5196F19
:1033F00078D0B0F51D6F6DD140F63430C2F20000C8
:10340000006A00F1120200200A607047B0F5096FEF
:1034100024DBB0F5116F41DAB0F5096F6CD0B0F56F
:103420000D6F57D140F63430C2F20000006A00F14F
:10343000080200200A607047B0F5316F3CDAB0F541
:10344000296F63D0B0F52D6F44D140F21810C2F24D
:103450000000021D00200A60704700BFB0F5FA6F3F
:103460005ED0B0F5016F63D0B0F5056F32D140F694
:103470003430C2F20000006A021D00200A6070476A
:1034800060D0B0F5256F25D140F63430C2F200008F
:10349000006A00F1160200200A6070475CD0B0F5A7
:1034A000156F17D140F63430C2F20000006A00F107
:1034B0000C0200200A60704758D041F6D04290427A
:1034C00008D141F67860C2F20000021D00200A60B7
:1034D000704700BF42F290120520C2F200020A605B
:1034E000704700BF40F63430C2F20000006A00F1BD
:1034F0000E0200200A60704740F63430C2F200002D
:10350000006A821D00200A60704700BF40F6343018
:10351000C2F20000006A00F1180200200A60704741
:1035200040F63430C2F20000026A00200A607047A0
:1035300040F63430C2F20000006A821C00200A60AB
:10354000704700BF40F63430C2F20000006A00F15C
:10355000140200200A60704740F63430C2F20000C6
:10356000006A00F10A0200200A60704740F2181059
:10357000C2F2000000F10C0200200A607047000057
:1035800006F0CAF9FEE70000B0B5044642F24C105E
:10359000C2F2000094F8541042F24D150078C2F2C5
:1035A000000501F0FC012A78084340EA4201206846
:1035B00084F8541001F03CF8A0F10A0102290BD361
:1035C00006281BD020BB94F85400C00720D02068E8
:1035D000BDE8B04001F07AB894F85400800758BFB5
:1035E000B0BD206800F0BCFF94F8540000F0FD006E
:1035F00084F85400002028700AE000BF94F85400BA
:10360000C00705D12068BDE8B04001F073B800BF25
:10361000B0BD000010B50446006801F009F80628A6
:1036200018BF10BDD4E90F10814205D0A06B012254
:1036300002F000FFE06B2064A06B02F04BFF2168FA
:103640000246C96A0846114602F044FD226801B2EA
:1036500010460022BDE8104000F074BF10B50446CB
:103660000068C16AC069096805F092FB2068BDE87E
:10367000104001F01DB80000B0B5044600680021FC
:103680000022002500F05EFF206800F091FF014657
:10369000A06BC4E90F5102F091FE2068C06ABDE83A
:1036A000B04002F011BD000070B50446006800F0A3
:1036B000BFFF062824D068BB94F83A00C00708BFB3
:1036C00070BDE08E228F01B280EAE130A0EBE131E3
:1036D0002068A58E806A01FB02F60021002206F018
:1036E00037FE2068290400F0B1FF2068B4F93610D5
:1036F000B2B200F027FF2068BDE8704000F0E6BFDE
:1037000094F83A00C00705D12068BDE8704000F089
:10371000F1BF00BF70BD0000006800F0AFBF000047
:103720000822C5F200021368D2F800211A43D2071A
:103730001CBF0120704780B5D1E900C3826843F205
:10374000E00ECFF6C07E0EEA020E5BB1D1E90212A6
:10375000114341EA0E0141EA0C0119438160002046
:1037600080BD00BF4EEA0C018160002080BD0000DA
:103770008268D2071CBF0120704780B5D1F804C011
:10378000C368BCF1000F23F0047E05D0D1E9022309
:103790001A4342EA0E0302E0CA684EEA0203C3601B
:1037A000C26C40F2FF1309689A43114341EA0C01CD
:1037B000C164002080BD00008268D2071CBF0120C8
:1037C0007047C2684CF2180322EA030CD1E90032B8
:1037D000896843EA0C031A431143C1600020704713
:1037E0008268D2071CBF01207047B0B5D1E900C282
:1037F000C3684CF21C0ECFF6F07E0EEA030E3AB10F
:1038000001F1080538CD496923432B4304E000BF8B
:10381000D1E9033449692343194341EA0C0141EAE0
:103820000E01C160016B21F00F0111430163002003
:10383000B0BD00002DE9F04F0C6894FAA4F2B2FA82
:1038400082F234FA02F363D04FF001084FF0030B19
:103850000BE000BFD1E900470568B7402B403B4370
:103860000360013234FA02F352D008FA02F314EA88
:10387000030CF6D0D1F80490A9F10103022B1BD25E
:103880009CFAACF6B6FA86F77E00D0F808A00BFAE0
:1038900006F3D1E902BE2AEA030A0BFA06F545EA65
:1038A0000A05856045684FF0030BA5430EFB04F441
:1038B000DB432543456007E09CFAACF3B3FA83F79A
:1038C0007E000BFA06F3DB430D69C468B5401C406B
:1038D0002543B9F1020FC560BCD14FEA1C2494FA0C
:1038E000A4F4D1F814E0BCF5807F28BFB4FA84F7C3
:1038F0004FF0240438BF202450F804C0BF000F2527
:10390000BD402CEA05050EFA07F72F430751A1E742
:103910000020BDE8F08F000010B50246006820F0DE
:10392000010010601068D1E901C320F4F85ED1E90C
:10393000030443EA002040EA0E001060C2F810C001
:10394000106840F001001060906820F40040906022
:10395000D1F818C0936840F2FF7023EA000040EAF3
:103960000C0040EA040090601CB1906840F40040F4
:10397000906010680B6820F440101843496910608B
:10398000506820F4004001430020516010BD000049
:103990000268002A44BF0120704710B5D1E900E257
:1039A000D1F808C003684FF21374CFF6F974602A97
:1039B00003EA040302D14EEA030103E0C968194394
:1039C00041EA0E0141EA0C0111430160002010BDE3
:1039D00080B541F2080EC4F2020EDEF8002002F0BB
:1039E0000C0342F200420C2BC0F2F40206D0082B6A
:1039F00024D141F20022C0F27A021FE0DEF8043046
:103A000003F00303032B04BF41F20022C0F27A0249
:103A1000DEF80430C3F3062CDEF8043002FB0CFCA5
:103A2000C3F30313DEF804200133BCFBF3FCC2F341
:103A30004162022303EB4202BCFBF2F20260DEF8B9
:103A400000304CF2D431C3F30313C0F60001C95C5B
:103A50004CF2E43301F01F0122FA01F14160DEF87B
:103A60000020C0F60003C2F302229A5C02F01F029B
:103A700021FA02F28260DEF80020C2F3C2229A5CD0
:103A800002F01F02D140C16080BD0000C0281FD1DC
:103A900041F20C01C4F20201C86FC0B280090328D0
:103AA00022D0022816D0012826D151F8040C00F0AB
:103AB0000C0242F200400C2AC0F2F4002ED0082A78
:103AC00018BF704741F20020C0F27A00704700BF73
:103AD0000020704751F80C0C42F200414005C0F242
:103AE000F40101EAE0707047D1F884004FF400411E
:103AF00001EA8030704700BF51F8040C00F00C025E
:103B000042F200400C2AC0F2F40023D0082A3CD133
:103B100041F20020C0F27A0037E000BF0A6802F0EC
:103B20000302032A04BF41F20020C0F27A000A68AF
:103B30000B68C2F306225043C3F303120968013233
:103B4000B0FBF2F0C1F34161022202EB4101B0FB94
:103B5000F1F070470A6802F00302032A04BF41F241
:103B60000020C0F27A000A680B68C2F306225043B4
:103B7000C3F303120B680132B0FBF2F0C3F34162EE
:103B8000022303EB4202B0FBF2F051F8042C4CF29A
:103B9000D433C2F30312C0F600039A5C51F8041C3C
:103BA0004CF2E433C1F30221C0F60003595C02F089
:103BB0001F02D04001F01F01C8407047302857D085
:103BC0000C282BD003281CBF0020704741F20C01A9
:103BD000C4F20201C86F4FF4404262F39F00B0F19B
:103BE000031F4ED00222C0F20302904236D00122BF
:103BF000C0F2030290421ED051F8040C00F00C02F7
:103C000042F200400C2AC0F2F4006FD0082A40F0C3
:103C1000888041F20020C0F27A0082E041F20C017B
:103C2000C4F20201C86FC0F38100032829D0022822
:103C300014D001282CD151F8040C00F00C0242F2EF
:103C400000400C2AC0F2F40034D0082A02BF41F22E
:103C50000020C0F27A007047704700BF51F80C0C8A
:103C600042F200414005C0F2F40101EAE070704701
:103C700041F20C01C4F20201C86FC0F30110032825
:103C8000D5D1D1F884004FF4004101EA803070476B
:103C900051F8040C00F00C0242F200400C2AC0F271
:103CA000F4004FD0082A04BF41F20020C0F27A008D
:103CB00063E000BF0A6802F00302032A04BF41F276
:103CC0000020C0F27A000A680B68C2F30622504353
:103CD000C3F3031209680132B0FBF2F0C1F3416192
:103CE000022202EB4101B0FBF1F070470A6802F0DA
:103CF0000302032A04BF41F20020C0F27A000A68DE
:103D00000B68C2F306225043C3F303120B6801325F
:103D1000B0FBF2F0C3F34162022303EB4202B0FBBB
:103D2000F2F051F8042C4CF2D433C2F30312C0F673
:103D300000039A5C51F8041C02F01F02C1F3C22177
:103D40002AE000BF0A6802F00302032A04BF41F21E
:103D50000020C0F27A000A680B68C2F306225043C2
:103D6000C3F303120B680132B0FBF2F0C3F34162FC
:103D7000022303EB4202B0FBF2F051F8042C4CF2A8
:103D8000D433C2F30312C0F600039A5C51F8041C4A
:103D900002F01F02C1F302214CF2E433C0F600032B
:103DA000595CD04001F01F01C840704702460068CE
:103DB00040063BD42DE9F04710684FF6BF73D1E9B8
:103DC000008E20EA030CD1E9024A4CEA0805D1E949
:103DD000046745EA0E05D1E9063045EA0A052E4397
:103DE0003343D1F820901843384340EA090010606B
:103DF000506840F60473984340EA1740002320437C
:103E0000B3EBD42F506003D1506840F48050506021
:103E1000B9F5005FBDE8F04704BF888C1061002051
:103E2000D16921F40061D161704700BF0120D169DF
:103E300021F40061D161704741F62861C2F20001AE
:103E40000860704770B58B6848F2FF348446087B81
:103E5000CEF6F074D1E900E22340184304F5806304
:103E60001A40104304F54062CB8902EA0E02104367
:103E700023F4C042D1E9043E04F5705633401843A0
:103E80001043CA6A04F5F8438D691A402EF0805336
:103E90001A4343F200432A43C4F201039C4542EA19
:103EA000000305D042F60040C4F20100844513D15E
:103EB0004FF6FF70CDF60F4001F11C0618404CCEB6
:103EC00026F00C56304322F00852896A104323F042
:103ED0000052104340EA01030020CCF8443070BD8A
:103EE00040F2FF7C02460068C4F2000C624521DD0E
:103EF00040F60003C4F200039A4224D043F2004388
:103F0000C4F201039A421ED042F60043C4F20103F8
:103F10009A4218D043F2FF33C4F201039A421CDCE8
:103F2000624529DCB2F1804F3CD040F20043C4F23C
:103F3000000335E0B2F1804F05D040F20043C4F2F7
:103F400000039A42E6D14B6820F07000184343F218
:103F5000FF33C4F201039A42E2DD44F2FF33C4F2BC
:103F600001039A4212DC43F20043C4F201039A4275
:103F700018D044F2000311E040F60003C4F200033D
:103F80009A420FD042F6004308E000BF44F6000317
:103F9000C4F201039A4205D044F20043C4F2010383
:103FA0009A4203D1CB6820F44070184310608868AF
:103FB0009305D062A2F18040A0F5963043EA9020AC
:103FC0000B880728936207D8012303FA00F010F04A
:103FD000E50F1CBF08691063506940F00101002023
:103FE000516170472DE9F041B1F5805F4FF0010359
:103FF00052DA012900F09280102900F0D380B1F547
:10400000807F40F09B81016A40F2FF1621F48071AD
:104010000162036A4168D0F81CC0146923F440733C
:104020002402B4432343A0F18044D2E900E5A4F57F
:104030009634860546EA9424072C43EA05231CD8C7
:10404000012505FA04F414F0E50F16D002F1140866
:1040500098E8600140F2FF77AD0223F44063946872
:10406000BD432B4343EA8423340142F20F0521F47C
:104070004051AC43214341EA48114FF68C74CFF6CE
:10408000FE740CEA040747EA0E074160C761D16875
:10409000C163036251E100BF00F0CC80B1F5803F05
:1040A00000F01081B1F5801F40F04881016AA0F155
:1040B000804521F480110162A5F596358605046AD4
:1040C000036DD2E900EC116946EA9525072D0DD85C
:1040D000012606FA05F515F0E50F1FBF456896693C
:1040E00025F4802545EA862518BF45600025CFF6D2
:1040F000E07524F4401405EA0151214348F6FF44D9
:10410000CFF6FF6404F54074234043EA0E230365B1
:10411000D26841EA0C51C2640EE100BF016A840515
:1041200021F001010162016A4368D0F818C01569E5
:1041300021F0030125F001052943A0F18045A5F5F3
:10414000963544EA9524D2E900E5072C41EA0501B9
:104150001AD8012505FA04F414F0E50F14D002F181
:10416000140898E860016FF0040721F00C019468CE
:1041700007EA8505294341EA840123F4407326F4C4
:104180000074234343EA48034FF68C74CFF6FE7461
:104190000CEA040747EA0E0743608761D26842636E
:1041A000CAE000BF016A6FF0100621F01001016241
:1041B000036A4168D0F818C0146923F0300306EA96
:1041C00004142343A0F18044D2E900E5A4F5963419
:1041D000860546EA9424072C43EA05131CD80125DA
:1041E00005FA04F414F0E50F16D002F1140898E86B
:1041F00060016FF0400723F0C003946807EA85155B
:104200002B4343EA8413B40040F6030521F44061D4
:10421000AC43214341EAC80148F6FF44CFF6FF64AE
:104220000CEA040747EA0E2741608761D168816381
:10423000036282E0016A41F6FF7621F48051016257
:10424000036A4168D0F81CC0146923F44053240366
:10425000B4432343A0F18044D2E900E5A4F59634A9
:10426000860546EA9424072C43EA05331CD8012529
:1042700005FA04F414F0E50F16D002F1140898E8DA
:10428000600147F6FF77AD0323F440439468BD43D4
:104290002B4343EA8433B40148F23F0521F4404103
:1042A000AC43214341EAC81148F6FF44CFF6FF640E
:1042B0000CEA040747EA0E274160C761D168016430
:1042C00003623AE0016AA0F1804521F48031016285
:1042D000A5F596358605036AD0F850C0D2E900E10D
:1042E000146946EA9525072D0DD8012606FA05F52D
:1042F00015F0E50F1FBF4568966925F4803545EA3E
:10430000062518BF45600025CFF6E07505F5F015C8
:1043100023F4403305EA0444234343EA01414FF6C2
:104320008C73CFF6FE73033303EA0C0343EA0E03E8
:104330000365D268836C8264016200231846BDE87D
:10434000F081000070B504460068C0071CBF012062
:1043500070BD0E46206846F6F311CEF6FF71084098
:10436000D6E9021CD6E904320843F5691843104324
:1043700028432060606820F4405040EA0C006060F0
:10438000B069A16821F440710843A06044F6FF3091
:10439000C4F2000084424FF0010011DC44F20041FD
:1043A000C4F200018C421DD044F60001C4F20001A9
:1043B0008C4244D13020FFF701FCE8B936E000BF61
:1043C00044F60041C4F200018C4211D043F60001D2
:1043D000C4F201018C4232D10320FFF7EFFB58B940
:1043E00024E000BF0C20FFF7E9FB28B91EE000BF66
:1043F000C020FFF74BFBC8B17168B9B132680B2A16
:104400001CD812A353F82220F369B0FBF2F0B3F5E5
:10441000004F0DD1400000EB5100B0FBF1F04FF622
:10442000F0710140C0F34200084406E0012006E0BC
:1044300000EB5100B0FBF1F080B2E0600020318869
:10444000E26A22F00F021143E16270BD0100000038
:104450000200000004000000060000000800000048
:104460000A0000000C000000100000002000000006
:1044700040000000800000000001000010B5D0E9FD
:10448000070404F05FFCE06010BD0000B0B5044616
:104490008079012818BFB0BDE0790138042849D8D7
:1044A000DFE800F012362C04040000BF236AA06A83
:1044B000B4F91410228B012583F8205005F048FF31
:1044C0000225A571B0BD00BFD4E90701002281F823
:1044D00020200321032504F057FCA06AB4F914102E
:1044E000228B05F035FFE069B4F91410228B04F03B
:1044F000D3FB002818BF0225A571B0BD206A012199
:1045000080F82010616AC1600225A571B0BD00BFAE
:10451000D4E90701002281F82020042104F034FCB2
:10452000E069B4F91610228B04F0B6FB10B1022535
:10453000A571B0BD0325A571B0BD000004210172B5
:1045400070470000818240F201110283C1807047F0
:10455000C18240F20121C1800421028301727047AF
:1045600010B5044600F064F80B281CBF002010BDF5
:10457000204600F01BF800284FF0000018BF10BDC7
:10458000A08002202070012010BD000043880B4352
:1045900023EA020283884280194381807047000029
:1045A000C069406904F00CBB007A704740887047CE
:1045B000C06A0068806870478188408841EA00408E
:1045C00070470000006A006870470000006A406899
:1045D00070470000006A806870470000016A006947
:1045E000B1F90A204068B1F9081000EE102AB8EEBF
:1045F000C00A01EE100A61EE000A00EE101AB8EED1
:10460000C00A21EE000A7047006AC06870470000C7
:10461000008B7047B0F9140070470000B0F9160025
:1046200070470000C06904F091BB000080887047AB
:1046300040787047006AB0F91A007047006AD0F8F5
:1046400016007047006AD0F81200704770B50D462A
:1046500004460E0CFFF7A8FF022807D1206A8581C7
:10466000C6810220A584E684207270BD40F201302C
:10467000E0800420A584E684207270BDB0B50446B5
:10468000D0E90701012281F820200221022504F04F
:104690007BFB2572B0BD0000B0B50446D0E9070130
:1046A000012581F82050012104F06EFB2572B0BD78
:1046B000B0B50446D0E90701002281F8202003218B
:1046C000032504F061FB2572B0BD000010B504465F
:1046D000FFF7AEFF38B92046FFF7A8FF18B920460C
:1046E000FFF764FF10B1002010BD00BF0120207053
:1046F000A07110BDB0B50446FFF79AFF05462046ED
:10470000FFF794FF18B92046FFF750FF10B10020C3
:10471000B0BD00BF4FF000002DB10C2D08BFB0BDE3
:10472000052020700120B0BDC0690021C160C161B9
:104730007047000046F634420114CFF6FF72514331
:104740004BF21A62CFF6FF7212FB001148F201031E
:1047500041F3CF32CFF6FF739A42C8BF13461A0413
:104760000023C7F6FF73B1F1404FB8BF03F5003225
:1047700080B2B1F1804FA4BF0022C7F6FF7210448F
:104780007047000010B50446084600F05DF810FBC5
:1047900004F12214031403FB121C48F201034CF32E
:1047A000CF32CFF6FF7310FB14F19A42D8BF1A46EE
:1047B00010FB241092B2BCF1404F40F3CF31B8BF90
:1047C00048F201029942C8BF0B4619040023B0F118
:1047D000404FC7F6FF73B8BF03F50031B0F1804F0B
:1047E000A4BF0021C7F6FF71BCF1804FA8BF47F6F8
:1047F000FF72881810BD000010B50446084600F08E
:1048000023F821B2021410FB14F302FB113110FB48
:1048100004F210FB34204900C1EAE03010BD000072
:104820000128BCBF00207047EFF3108172B640F63C
:104830000041C4F2020140F269120A6048608868CF
:1048400062B6C00B7047000040F6004100F1FE4028
:10485000C4F202014FF0601200F57F000A60486068
:10486000886870472DE9F047B1F800808146B8F1BB
:10487000000F55D0D9F80000C089804584BF0920B9
:10488000BDE8F087887899F81E3089F82100C8784B
:1048900089F823000A7989F825204A7917189F4258
:1048A00089F8272084BF0A20BDE8F087C24201F1C1
:1048B00006073DD14FF0000A062010FA8AF0404565
:1048C00084BF0920BDE8F087A8EB0A000238A9F8E8
:1048D0001A00387889F8290000284FF0000018BF26
:1048E000BDE8F087B9F8182089F829006AB1D9F82D
:1048F000141099F82A30D9F800008B52B9F8182012
:104900004768023292B20923B8470020A9F818007C
:1049100089F82A0089F81F0089F82200BDE8F0878D
:10492000B9F818200020002A89F82900DFD1ECE727
:10493000002600244FF0000A14E000BF2846FEF7CE
:1049400035FDD9F80C1001348855D9F80C0099F8C8
:10495000231099F82720805D1144E6B20237B14256
:104960008244A9D9D9F804003D8800EB8601284685
:10497000FEF72CFD99F82300E1B28142DED202203D
:10498000DFE700002DE9F0470446C07F94F82210CD
:1049900088425DD1228B0020002AE0773ED121465B
:1049A00051F8140B092203689847A8B342F28C11FE
:1049B000C2F200016069096894F82A20016094F845
:1049C00029000421218390424FF0000184F8201037
:1049D00022D084F82A0094F8210094F8232094F837
:1049E000273084F8220094F82500618B84F8242075
:1049F00084F82600A183D4E901101A44920084F8B7
:104A00002830FBF70EFD94F8232094F82730D4E9E2
:104A100003101A44FBF7C0FC228BDAB1A08B824250
:104A200000F2B38094F82490D4F81480B9F1000F08
:104A30005BD0D4F808E008EB0203B9F1040F09F0E9
:104A4000030C09D20025BCF1000F31D14DE000BFAD
:104A50000130E077BDE8F08709F0FC0AAEF11006FE
:104A60000020002556F8102F08381288776823F8A0
:104A70001520228BB168023222833A8803EB450766
:104A80007A80228B0435023222830988F268B98049
:104A9000218BAA4501F1020121831188F980218B24
:104AA00001F102022283DDD11B1ABCF1000F1CD0E0
:104AB0005EF82500BCF1010F00881880208B00F102
:104AC0000202228311D00EEB85004168BCF1020F77
:104AD00009885980218B01F10202228305D0806868
:104AE00000889880208B821C228394F82600FD2861
:104AF0004BD894F82010814244D194F8280000212A
:104B0000002884F8201040D000EB090CA56820692B
:104B1000494600BF55F8297096B23F6848F80670BC
:104B200010F809703A444F1CFFB2BC4522832CD9BF
:104B300055F8276093B2366848F80360C35D1A449D
:104B40008B1CDFB2BC4522831FD955F8273096B2A3
:104B50001B6848F80630C35D1A44CB1CDFB2BC4565
:104B6000228312D955F8273096B21B68043148F8D1
:104B70000630C35D5FFA81F91A44CC452283C9D857
:104B800003E000BF481C84F82000A08B91B2814252
:104B900098BFBDE8F08794F82600FE283CD194F831
:104BA0002800C8B394F82470D4F808E0D4E904636A
:104BB00000EB070C3D4600BF5EF8270091B200688D
:104BC0005850F05D0244681CC7B2BC45228323D90B
:104BD0005EF8270091B200685850F05D0244A81CAE
:104BE000C7B2BC45228317D95EF8270091B200688E
:104BF0005850F05D0244E81CC7B2BC4522830BD973
:104C00005EF8270091B2006804355850F05DEFB2AD
:104C10000244BC452283CFD8616994F82A3092B20D
:104C20008B522068228B4768023292B20923B84720
:104C300000202083BDE8F0872DE9F04F85B0D0E952
:104C40000027824637F8023BBAF80C6023F0FF05D4
:104C50000020B5F5807FA6F10206D1464FEAD301C8
:104C6000AAF80C60CAF80470928929F80E0F08BFE0
:104C7000C3F3C400B5F5807F08BF202120294FF081
:104C8000020B00F21381013B03F0070340F63435B9
:104C900003EB4303C2F2000505EB03150FFA86F898
:104CA000541EDFE811F0210029007B00BF00BB008B
:104CB000AD00B700C5000301C900030103010301F2
:104CC000CD000301D9000301030103010301030126
:104CD00003010301030103010301030103010301B4
:104CE000030103010301DD000420AAF80E00DAF835
:104CF000080001210170D7E0DAF808300020B8F18F
:104D0000010FADF81000AAF80E00C0F2CB8000250C
:104D10004FF0000B398801F00700012800F2B48041
:104D20004CF2CC32C0F600020393BB1C52F820C0F8
:104D3000A8F1020637B221F0070001F03801029312
:104D40001A4604AB0097E047BDF810102B06A6EBFF
:104D500001020FFA82F808BFB8F1000F00F09C8042
:104D6000220400F0B180039B00281870B9F80020DD
:104D700018BF4FF0010B01320728A9F8002000F0FE
:104D80008C800A2800F089800298013C4718013382
:104D9000B8F1000F05F10105BCDC7EE0DAF808503F
:104DA0000020B8F1000FADF81200AAF80E006BD089
:104DB00037F8021B01F00700012865D84CF2C43215
:104DC000C0F6000252F820C026B221F0070001F020
:104DD00038012A460DF112030096E047002851D110
:104DE000BDF81200B9F80010A8F10208014405440A
:104DF000A9F800105FEA0841A4EB0004D8D153E001
:104E00002846FFF715FC062804BF2846FFF78CFC50
:104E10004AE000BF2846FFF70BFC18B12846FFF711
:104E200069FC41E02846FFF751FC80F0010B3DE0B2
:104E30002846FFF795FB37E02846FFF71FFB33E0D6
:104E4000DAF808601FFA88F022B239464B4600961D
:104E500000F0B0F916E000BFFEF77CFA24E000BFD6
:104E6000012815D843F2B831C2F2000151F82050A0
:104E700075B1DAF808601FFA88F022B239464B465D
:104E80000096A847834611E04FF0010B0EE000BFEB
:104E90004FF00D0B0AE000BF83465FEA0B604FF056
:104EA000000003D1A9F800004FF0000BDAF8080069
:104EB000BAF80E1000F801B0BAF80E000130AAF8E6
:104EC0000E0005B0BDE8F08F4FF0080BEEE70000D4
:104ED00070B540F20C05C2F200056868C16A21B1E4
:104EE00090F83020002A18BF884700F05BF942F2A2
:104EF000FC060B28C2F2000634D8012101FA00F0AA
:104F000040F6014108422DD06C6894F8310028B178
:104F100094F8320000281CBF0020287030782978CF
:104F200088421FD02169002084F8300009B1204652
:104F300088472068FFF77CFB062802D12068FFF72E
:104F4000D9FB28784CF6B401C0F6000151F8204096
:104F5000A16811B120468847287801216C6084F847
:104F600030103070FCF7A4F840F6C410C2F2000014
:104F7000416B4AF2A002B1F87C10914208D0B1789E
:104F800031B9022129700321A0F858100120B07016
:104F900000F062FF002808BF70BD00F003F908B1FF
:104FA00070BD00BFFCF7EEFFBDE8704001F002B835
:104FB000B0B504F0B5F940F60850C2F200004168FF
:104FC000002918BF884740F6C410C2F200004168AB
:104FD000002918BF884740F2CC00C2F200004168A7
:104FE000002918BF884741F6A050C2F2000041686E
:104FF000002918BF884740F20C04C2F20004E16A9D
:1050000011B104F12800884740F6D820C2F2000010
:105010004168002918BF884740F62420C2F20000EA
:105020004168002918BF884700F09CFE42F2FC0549
:10503000C2F20005281D04F1080100F049FC002817
:1050400004BF01206870B0BD7047000070B544F225
:10505000AC54C2F200042078A8B140F2181040F617
:105060000856C2F200000025C2F200068560B06B4F
:105070000021C6E90F55756401F0A0F93068C06AD7
:1050800001F022F8257040F20C00C2F200004068E6
:10509000416921B190F83020002A18BF8847BDE847
:1050A0007040FCF7F9BB000070B540F20C00C2F292
:1050B00000004068816A21B190F83020002A18BFB2
:1050C000884742F2FC06C2F200067078012818BF39
:1050D00070BD40F67C20C2F20000448940F68C206E
:1050E000C2F20000458900F03FF8BDEEC00A10EEA4
:1050F000103A301D21462A46BDE8704000F056BBEC
:1051000080B504F035F940F20C00C2F200004068AE
:10511000016A002908BF80BD90F8302012B1BDE8B7
:105120008040084780BD000040F20C00C2F2000041
:105130004068C169002908BF704790F830200AB163
:10514000084700BF7047000040F20C00C2F20000A8
:105150004068C168002908BF704790F830200AB144
:10516000084700BF7047000080B544F29C50C2F26F
:1051700000000068FFF71CFA00EE100AB8EEC00A43
:1051800080BD000044F29C50C2F200000068FFF7AE
:1051900025BA000044F29C50C2F200000068FFF7FC
:1051A00045BA000044F29C50C2F200000068FFF7CC
:1051B0003FBA000002207047B0B542F2C405C2F207
:1051C00000052878002808BFB0BD04F0E9FBFFF710
:1051D00097FF40F6C824C2F20004206804F10C01D5
:1051E00082689047606080B1214651F8080B0A221E
:1051F0000368984748B12046FFF71EFD2068A16864
:10520000D0F804C0E2890A23E047688810B16888B2
:1052100001386880A88810B1A8880138A880BDE846
:10522000B04004F073BD0000002808BF7047F0B51F
:1052300081B042F2C40540F6343142F61047C2F262
:1052400000050026C2F20001C4F201072E700160C1
:10525000FDF75CF841F6B060C2F20000FBF780FE9B
:1052600040F6D030C2F2000000F0A6FB41F67860B4
:10527000C2F2000005F066F841F66860C2F2000074
:1052800002F0F2FA40F2B400C2F2000003F092FC25
:1052900041F62C60C2F2000002F0E6FA41F63C60F2
:1052A000C2F2000000F080F940F67C20C2F200005B
:1052B00002F0DAFA40F68C20C2F2000002F0D4FAD2
:1052C00042F29414C2F20004204603F06BFD204623
:1052D00003F014FE204640F2031103F043FE204683
:1052E00040F2011103F0F2FE204603F053FD0220CC
:1052F000FDF7A8F83868000644BF6FF080003860FA
:1053000042F26810C2F2000080F82160FFF750FE00
:1053100006F0A8FC0120287001B0BDE8F0407047FD
:1053200010B5044642F24C10C2F2000094F85A1034
:1053300042F24D120078C2F2000201F0FC01127834
:10534000084340EA4201206884F85A10FFF770F9D8
:10535000A0F10A0102290FD3062813D080B994F8CE
:105360005A00C0070CD020680021FFF76FF92068B1
:10537000BDE81040FFF7AAB994F85A1088070BD47B
:1053800010BD00BF94F85A00C00718BF10BD2068B8
:10539000BDE81040FFF7AEB9206801F0FD0184F8C8
:1053A0005A10BDE81040FFF7DBB8000010B5044606
:1053B00000680021A4F85A10FFF79CF92068BDE8A6
:1053C0001040FFF775B9000010B504460068FFF7FC
:1053D0002FF9062818BF10BD2068FFF7E9F800EE86
:1053E000100A9FED2C1AB8EEC00A206820EE010AC0
:1053F00084ED120AFFF7D4F800EE100A9FED261A8A
:10540000B8EEC00A20EE010A94ED0D1A94ED125A7E
:1054100094ED0E2A94ED0F3A94ED104A94ED116A32
:1054200031EE451A84ED130A23EE011A32EE400ADA
:1054300031EE061A24EE000A30EE010A9FED171A2B
:1054400084ED140A84ED150A20EE010ABDEEC00AAF
:1054500010EE100A44F234418842A4F8580009DCE6
:105460004BF6CB31CFF6FF71884206DC4BF6CC31E0
:10547000CFF6FF710846A4F8581042F29811C2F214
:10548000000108800020488020680968BDE81040BD
:10549000FFF7DCB8C3B8323735FA8E3D00E0B544CB
:1054A00000220021C4F2C8224FF07E5380F832104F
:1054B000C0E90D11C0E90F234164C0E914118165F1
:1054C0007047000010B50446006800210022FFF775
:1054D00039F82068FFF76CF800EE100A9FED041A07
:1054E000B8EEC00A20EE010A84ED0D0A10BD00BF1F
:1054F000C3B8323780B5FDF739FF44F6D351C1F256
:105500006201A0FB0101080AFDF738FF40F200002C
:10551000C2F2000001684FF0FF300022FDF7DEFE0E
:1055200044F29C50C2F20000FFF77EFEBDE88040CE
:1055300006F076BA0246007810B10020108170475C
:105540004FF6FF70814250881EBF091A00EB1120F0
:105550005080B2F90E30518980B2012B06DB8842AF
:1055600006D891898842E8D309E000BF884203D277
:1055700008201081704700BF91898842DDD81089CA
:1055800010817047017819B1C08800B2704700BF20
:1055900041880269891AB0F90E20808A514300EBD4
:1055A000114000B270470000017829B181880022C3
:1055B00002814180704700BFB0F90E200021012A0E
:1055C000B8BF4FF0FF3141807047000080B590B008
:1055D0000C900B910A920B9818B1FFE70A9820B92A
:1055E000FFE700208DF837005EE0FDF70BFD00209F
:1055F00005900690012007900C9901F17841C90AA5
:1056000008910990EFF3108072B60F9006A805A9D3
:10561000FDF750FB38B1FFE7FDF70EFC62B6002046
:105620008DF8370040E062B60B9804900C98039018
:105630000A980730C008ADF80A0000200190FFE783
:105640000198BDF80A10884228D2FFE7EFF31080D6
:1056500072B60E900399049A019B02EBC30052F8B4
:10566000332043680020FDF7F3FB014643F2284056
:10567000C2F200000170007838B1FFE7FDF7DCFBF3
:1056800062B600208DF837000EE062B6039808304D
:105690000390FFE7019801300190D1E7FDF7CCFBC3
:1056A00001208DF83700FFE79DF8370010B080BD6E
:1056B00086B0ADF81600ADF81410ADF81220BDF8A4
:1056C000160000EE100AB8EE400A8DED020ABDF891
:1056D000140000EE100AB8EE400A8DED010ABDF884
:1056E000120000EE100AB8EE400A8DED000ABDF877
:1056F0001600BDF81410884203DDFFE70198029000
:105700000AE0BDF81600BDF81210884203DAFFE780
:1057100000980290FFE7FFE79DED020A9DED002A49
:1057200030EE420A30EE000A9DED011A31EE421AC7
:1057300080EE010AB7EE001A30EE410A8DED030A41
:105740009DED030AB4EE410AF1EE10FA04DDFFE725
:105750004FF07E5003900FE09DED030ABFEE001A5C
:10576000B4EE410AF1EE10FA05DAFFE70020CBF6BD
:1057700080700390FFE7FFE79DED030A06B07047D6
:105780008178002908BF7047C168C288B1F90C1040
:1057900083884A43002948BF5242991801817047C3
:1057A0000288C160028170470089704780B584B06B
:1057B0000390ADF80A10ADF80820ADF80630BDF83A
:1057C0000A0003990884BDF8080003994884BDF8CD
:1057D000060003994887BDF80A00039A1188528889
:1057E000FFF766FF039880ED090ABDF80800039AE9
:1057F0009188D288FFF75CFF039880ED0A0A03982E
:10580000FBF7FCFD039988860399888E0A8910446A
:10581000C8860399C88E0A31FCF706F8039981F807
:105820003800039890F83810BDF90620C38EFBF7B6
:1058300041FF039981F83900039991F83900C0EBD1
:105840000040BDF90620104448F63962C3F6E30271
:10585000A0FB02204008A1F8400040F21810C2F25C
:105860000000B0F97E00012808DBFFE703998A8E6B
:105870004FF6FF70801AA1F8440004E00399888E67
:10588000A1F84400FFE70399B1F848000130A1F8FE
:1058900048000398B0F84800B0F5FA6F14D1FFE75C
:1058A000039890F8470078B9FFE70398B0F84400F0
:1058B00000EBC00040F21811C2F2000188600399A9
:1058C000012081F84700FFE7002004B080BD000000
:1058D00080B584B0039002910298008803990880F3
:1058E00002984088039948800298808803998880AC
:1058F0000298C0880399C88002980089039908819A
:1059000003990020A1F84800039981F8470001900D
:10591000FFE701980A280EDCFFE70298019A00EBE6
:1059200042004089039901EB42014881FFE7019859
:1059300001300190EDE7039800F008F80399012089
:1059400081F84600002004B080BD000081B00090C6
:1059500000990020088400994884009948620099C1
:1059600088620099C8620099086300998886009946
:10597000C886009981F83800009981F839000099AB
:1059800048870099A1F840000099A1F8440001B0AF
:1059900070470000B0F9220070470000C08C7047CB
:1059A000B0F9060070470000C08B7047B0F90400E2
:1059B00070470000808B7047018C02684184002191
:1059C000C0E901218162704781607047418470475E
:1059D0000122C18402FA01F181847047C1807047BD
:1059E000B0B5054601208840688347F6FF700C4635
:1059F000E98300FA01F1284600F016F848F20100A8
:105A0000CFF6FF7000FA04F12846BDE8B04000F080
:105A100009B80000818070470122818302FA01F1F8
:105A20000183704701617047C160704770B50246DD
:105A3000B0F90430B0F90600B2F914C0B2F916405A
:105A400003FB01FEC0B1D2E9025300FB01F600FBEB
:105A5000015035400121C8F20001B5F1FF3FC8BF38
:105A60000146002848BF0146994206DC1369994265
:105A7000C8BF0B4601E000BF0023908BD18B4EFACC
:105A800000F043FA01F10844844507DA1FFA8CF468
:105A9000ACEB0001194420B2916070BD211AD8BF4F
:105AA0000021A042C8BF0446194420B2916070BDD5
:105AB000816800238A68D1F8121021FB0231CA17CD
:105AC000B0F9003001EB1241C3EB214101EB117140
:105AD00003EB11110180704710B52DED028B0446C8
:105AE000B0F9000000EE100AE068B8EEC08A04F0D9
:105AF00073FB00EE100AB8EE400A94ED011A28EE8E
:105B0000000A21EE000ABDEC028B10BD10B5012980
:105B1000044605D0A1B9204600F020F90AE000BFF4
:105B2000B4F8600048B101380104A4F860001CBF5B
:105B3000002010BDE16820468847012010BD00BF4D
:105B4000002010BD10B5044600F008F9012104F151
:105B5000780084F8821010BD014690F8810000287A
:105B60004FF000001CBF81F88100022091F88020D6
:105B7000002A1EBF4030002281F8802091F8822048
:105B8000002A1EBF00F58060002281F88220704745
:105B90004B6C024643F480604864012102F17800B6
:105BA00082F8811082F883107047000070B5B0F859
:105BB0004E20B0F870400BB20914534361430022E9
:105BC000A2EB4106F117F51841EBE3725FEA5202CE
:105BD0004FEA3505F21A61EBE3715FEA51014FEAD2
:105BE0003201B5F1FF3F4FEA940C13DD00292BD4AD
:105BF000012280F87A206A1AD31702EB93320CEB59
:105C0000A24E90F886200EEB514CAEEB55439AB362
:105C1000022115E0B1F1FF3F34DD002E46DD022107
:105C200080F87A10711BACEB914E694290F8862097
:105C30000EEB5143002A03EB564C5FD04FF400317A
:105C40008165012271E000BF002E43DD002280F853
:105C50007A20721A0CEB924E494290F87D20AEEBFE
:105C6000514CACEB56431AB990F8861000296FD00E
:105C70000221C0F201013EE0A0F858C0A0F85AE0AD
:105C80001A4652E0042280F87A206A1AD31702EBEF
:105C900093320CEBA24E4942AEEB514C90F8861079
:105CA0006A420EEB524379B301210FE0032280F8E0
:105CB0007A208A1BACEB924E0EEB514C90F886107A
:105CC00072420CEB524329B34FF4803181650222BA
:105CD0002BE000BF052180F87A10A91B0CEB914E38
:105CE00090F88610AEEB55437242A3EB524CB9B11B
:105CF0000121C0F202018165002216E0A0F858C01F
:105D0000A0F85A30724610E0A0F85830A0F85AE0D7
:105D10000AE000BFA0F85830A0F85AC0724604E06C
:105D2000A0F858E0A0F85A3062462EEAEE71A0F8CA
:105D300050102CEAEC71A0F85C20A0F8521023EA75
:105D4000E3714269A0F85410BDE87040104700BFED
:105D5000A0F858E0A0F85AC092E700004168084750
:105D60008168084780B584B000F07EF800284FD1E4
:105D7000FFE70020ADF80E00FFE7BDF80E00052894
:105D800045DCFFE7BDF80E0000EB80014CF6F42087
:105D9000C0F6000000EB810002900298007B00F04A
:105DA0000F0001460091062829D80099DFE801F08C
:105DB00004090E13181D220002980168006908707A
:105DC0001EE0029801680069087019E002980168F5
:105DD0000069088014E002980168006908800FE0FB
:105DE00002980168006908600AE002980168006989
:105DF000086005E0029801680069086000E0FFE7BC
:105E0000FFE7BDF80E000130ADF80E00B5E7FFE783
:105E1000FCF774F8E8B9FFE70020ADF80600FFE7EB
:105E2000BDF90600B0F5806F12DAFFE7BDF9061084
:105E300040F21810C2F2000000EB41010020A1F86E
:105E40008A00FFE7BDF806000130ADF80600E7E77D
:105E5000FFE704B080BD000043F2C030C2F2000092
:105E6000007800F00100704780B588B04FF6000060
:105E7000C0F601000690069800680421C0F20101F6
:105E8000884204D0FFE700208DF81F0085E00698C7
:105E90000430182105F084FEADF81600BDF8160098
:105EA0000699898B884204D0FFE700208DF81F00F7
:105EB00073E00698043004900020ADF80E00FFE770
:105EC000BDF80E00052864DCFFE7BDF80E0000EB0E
:105ED00080014CF6F420C0F6000000EB8100029037
:105EE0000298007B00F00F0001460191062845D87A
:105EF0000199DFE801F0040D161F28313A000498DB
:105F0000007802990968087004980430049039E018
:105F10000498007802990968087004980430049085
:105F200030E00498008802990968088004980430D9
:105F3000049027E004980088029909680880049872
:105F4000043004901EE00498006802990968086013
:105F500004980430049015E00498006802990968D8
:105F600008600498043004900CE0049800680299DA
:105F70000968086004980430049003E00498043031
:105F80000490FFE7FFE7BDF80E000130ADF80E000A
:105F900096E701208DF81F00FFE79DF81F0008B06D
:105FA00080BD000043F2C031C2F200010120087040
:105FB0007047000080B58EB00420C0F2010006904A
:105FC00006A8043005900020ADF81200FFE7BDF8E8
:105FD0001200052859DCFFE7BDF8120000EB800134
:105FE0004CF6F420C0F6000000EB8100039003980B
:105FF000007B00F00F0001460191062836D8019978
:10600000DFE801F0040B11181E242A000398006831
:1060100090F90000059908602DE003980068007869
:106020000599086027E003980068B0F90000059919
:10603000086020E0039800680088059908601AE06D
:106040000398006800680599086014E003980068E8
:106050000068059908600EE00398006890ED000A5A
:106060000598BCEEC00A80ED000A04E005994FF0E7
:10607000FF300860FFE7059804300590FFE7BDF8A2
:1060800012000130ADF81200A1E706A8009004301C
:10609000182105F085FD0099ADF834004FF6000099
:1060A000C0F601002022FFF791FA8DF80B0043F2B1
:1060B000C031C2F20001002008709DF80B0000F012
:1060C00001000EB080BD00000168896841600021B8
:1060D000416170472DE9F04F0246D0E90003D2F844
:1060E00024A0806803EB010CACEB000EB2F9200099
:1060F000B2F9223080FB0E04000A01FB03F940EAEA
:106100000468241218EBA92B44EBE974BAEB0B07D3
:106110004FF0000777EB04004FF00000B8BF0120FC
:10612000DAF1000367F10006B3EB0B0576EB04052B
:10613000B8BF0127002F1CBF5B462646002818BFAA
:10614000534642F2107AA3FB0A454FEAA920C2F84F
:1061500004C057691061C2F808E0C2F81C8018BF7B
:10616000002606FB0A50D360230C43EA0040CB1BF9
:1061700098277B43C2E90513BDE8F08F10B50446AC
:1061800042F24C10C2F2000094F8541042F24D1248
:106190000078C2F2000201F0FC011278084340EAE4
:1061A0004201206884F85410FEF742FAA0F10A0177
:1061B00002290BD3062819D010BB94F85400C0074D
:1061C0001ED02068BDE81040FEF780BA94F8540055
:1061D000800758BF10BD2068FEF7C2F994F854003C
:1061E00000F0FD0084F854000AE000BF94F8540069
:1061F000C00705D12068BDE81040FEF77BBA00BF9C
:1062000010BD0000B0B504460068FEF711FA06287C
:1062100018BFB0BD94F8540041070DD400074DD409
:10622000D4E90F10814257D0A06B012200F002F98F
:10623000E06B206450E000BF000725D4B4F8502084
:10624000B4F84E10606B1346914238BF0B4688BFBE
:106250000A468283B4F8522047F6FF71C283B4F82D
:106260004C2001830121438380F83610026003F043
:10627000B9F894F8540040F00801206884F85410EC
:10628000FEF796F9C4E91000606B03F0EFF8A16C1B
:10629000D4E9103581FB0012606BC90B41EA424121
:1062A00090F837202944CD1AE1632164F2B101F05E
:1062B000CBFBD8B12068FEF71DFA17E02068FEF787
:1062C00077F90146E063A06B216400F077F8D4E928
:1062D0000E01012200F0AEF894F8540000F0F7012E
:1062E000A06B84F8541000F0F5F8054620682946A4
:1062F000C06AFFF7EFFE43F2C2350346C2F2000563
:10630000206819B200222B80BDE8B040FEF71AB910
:1063100010B504460068C16AC069096802F038FD1A
:106320002068BDE81040FEF7C3B9000010B5044670
:1063300090F8540041071CD5B4F85020B4F84E1022
:10634000606B1346914238BF0B4688BF0A46828372
:10635000B4F8522047F6FF71C283B4F84C20018391
:106360000121438380F83610026003F03BF894F873
:10637000540000F0040100F0F70040EA41012068F9
:1063800084F8541000210022FEF7DCF82068FEF7A4
:106390000FF90146C4E90F00A06B616400F00EF82C
:1063A0002068C06ABDE81040FFF78EBE01688068B3
:1063B000401AB0FA80F0400970470000B0B541F2D1
:1063C00010020244B2F91230012B1FFA83FE25DBC2
:1063D000BEF1040F03F0030C02D200230DE000BF56
:1063E00047F6FC741C40002300EB830504339C42F9
:1063F000C5E903116961A961F6D1BCF1000F0DD0A7
:1064000000F10C04BCF1010F44F8231006D004EB9A
:106410008303BCF1020F596018BF99600FFA8EF325
:1064200083FB0134C0E9001181600020C2E900341F
:106430001082B0BD70B541F2100300EB030592B9B4
:106440000268836893420DD100220E4641F20C018E
:10645000C5E900222A820446FAF737F82046314679
:1064600001E000BF11444268AB689142B8BF5B4293
:10647000EB60016070BD000080B541F210010023A7
:106480004218435041F20C0153601382FAF71DF891
:1064900080BD0000B1F5806F0A4628BF4FF48062CE
:1064A000002941F2220108BF012242527047000038
:1064B00080B541F2180C002948BF4942D0E90032AA
:1064C00000EB0C0E40F80C109342B8BF4942CEF8D6
:1064D000041080BD2DE9F04104460068D4E901585C
:1064E00041F21001854204EB010308D0D9680D4444
:1064F0000029656026D4854201DD05466060B3F958
:106500001020D3E9001704EB8206F068F560091A41
:1065100067EBE077481947EBE571571CB3F9122098
:106520001F823FB2C3E900019742A4BF00271F8228
:10653000D317F9F7F7FE0146A0EB0800A160BDE80C
:10654000F08100BF8542D8DBD9E700004FF6C0716B
:10655000C3F6FF71826801F100531A4082608268BD
:10656000D20031D481B0826801F140531A4042F028
:106570008052826041F62862C2F20002126842F63E
:1065800063539209C0F23E53A2FB03236FF0010252
:1065900002EA53120092009AAAB100BF009A013A8F
:1065A0000092009A7AB1009A013A0092009A52B190
:1065B000009A013A0092009A2AB1009A013A009298
:1065C000009A002AEAD101B08268114001F100412D
:1065D000816000BF8168B1F1FF3F0ADC8168B1F1E1
:1065E000FF3F06DC8168B1F1FF3F02DC81680029D2
:1065F000F0D40168C9074FF6C071C7F6FF711FD10B
:1066000082680A4042F0010282600268D20717D114
:1066100082680A4042F0010282600268D2070FD10C
:1066200082680A4042F0010282600268D20707D104
:1066300082680A4042F0010282600268D207DFD01D
:1066400082680A4042F00802826082680A4042F092
:10665000200282608268920609D58268920644BF51
:1066600082685FEA826202D582689206F2D4C26CC6
:10667000012363F3C812C26482684FF6FF730A40B5
:1066800042F008028260C268C7F6DF731A4002F562
:106690000012C260026B22F00F0202638268114096
:1066A00041F00401816070472DE9F04782B0044653
:1066B000D0F89C006169056820684FF00008264604
:1066C00001900091C4E92288C4F8908006F8988F60
:1066D000286A40F2555920EA0900286246F60D1052
:1066E000C0F60000206047F2E940C0F6000060619B
:1066F0008020A4F896004FF0040A204684F899A060
:1067000084F87AA000F07EFFD4F89C0004F15607CC
:1067100090F8A42028463946334605F003FB20466E
:1067200000F04CFF46F66110C0F6000086F80080CD
:106730002060204684F8998084F87A8000F062FF17
:10674000D4F89C00394690F8A4202846334605F03A
:10675000E9FA204600F032FF04F1880207CA04F18A
:10676000880300090909120907C3012084F87F0082
:106770000198206000986061A86920F00800A86175
:10678000A86920F40060A861E86920F00800E861C9
:10679000B4F8940040086863A863E863A86940F00F
:1067A0000800A861A86940F40060A861E86940F0A9
:1067B0000800E861286A40EA0900286284F87AA0A3
:1067C00084F8838002B0BDE8F0870000D0E922237E
:1067D000D0F89000C1E9002388607047B0B5D0F8C8
:1067E0009C2090F87A30D2F800E002EB8302D2F8D5
:1067F00070C0D2F88840DCF88020D4F880C0DEF881
:1068000004404FF68F75CFF6FF552C40052BCEF880
:10681000044067D8012505FA03F313F0060F1FD1D2
:1068200013F0180F36D0D0E9223448F2010E9B1A2B
:1068300047F6FF729342CFF6FF7EB8BF1A46724505
:10684000A4EB0C03D8BF724613F5004F0A803CDD61
:10685000B3F5004FA8BF47F6FF734B804DE000BF74
:10686000D0F88830D0F890409A1A47F6FF7348F273
:10687000010E9A42A8BF1A46CFF6FF7E7245D8BFD6
:1068800072461444ACEB040CBCF5004F0A8019DBD3
:106890004B8032E0D0E9233448F2010E9B1A47F6D0
:1068A000FF729342A8BF1346CFF6FF7E7345D8BF51
:1068B00073461C44ACEB040CBCF5004F4B8009DB69
:1068C0000A801AE01CF5004F10DC48F20103A1F821
:1068D00002E012E01CF5004F0CDC48F20102A1F8C6
:1068E00000E00AE00A884B8807E000BF6346A1F891
:1068F00002C002E0A1F800C06246D1184942A0F8E7
:106900006220A0F86430A0F86610B0BD10B5D0F8D1
:106910009C2090F899C0136802EB8C02D2F870C0EA
:10692000D2F88820DCF880E0D2F880C05A684FF6B0
:106930008F74CFF6FF5422405A6090F898200F2AA7
:106940000AD8D0E9222372446344C0E9222390F894
:106950009820013280F898200020086010BD0000C7
:1069600080B5D0F89C2090F8993002EB8303D3F8DF
:1069700088301268D3F880C0D2F804E04FF68F73E5
:10698000CFF6FF5303EA0E03536090F898200F2AC6
:1069900009D8D0F890206244C0F8902090F8982050
:1069A000013280F898200020086080BD2DE9F04F6A
:1069B00085B0D0F89C2003905369D2E90856D2F8EC
:1069C00070A002F1080E0293CDE90056D2E90070E2
:1069D0009EE80241D2E9063BD2F88890DAF804C07A
:1069E0002CF00404CAF804400424CAF80040DAF881
:1069F000046026F02006CAF804602026CAF8006069
:106A0000D9F8045025F00405C9F80450C9F800402D
:106A1000D9F804504FF4005425F02005C9F804506B
:106A2000C9F8006042F60046C4F20106B74242F2DD
:106A30001006CEF20406356808BF4FF40064254303
:106A4000356070B1D0E900658069346844F00104B4
:106A500034602E6846F001062E60066846F0010696
:106A6000066071B192F8A500012818BF002B40F014
:106A7000FF80086840F001000860086840F00040AE
:106A80000860B8F1000F13D092F8A600012818BFD3
:106A9000BBF1000F40F03881D8F8000040F0010051
:106AA000C8F80000D8F8000040F00040C8F8000026
:106AB000DDF80C80BEF1000F13D092F8A700009C07
:106AC000012818BF002C40F06D81DEF8000040F076
:106AD0000100CEF80000DEF8000040F00040CEF8E3
:106AE0000000029D7DB192F8A800019C012818BF0A
:106AF000002C40F0A181286840F00100286028683F
:106B000040F000402860DAF80800C00702D1504683
:106B1000FFF71CFDD9F80800C00702D14846FFF76F
:106B200015FD4FF47A700490386820F00100386049
:106B300079684FF68F70CFF6FF50014020317960B1
:106B4000B96941F00801B961B96941F40061B961FD
:106B5000F96941F00801F961F96941F40061F961ED
:106B6000796941F001017961D8F89C1091F8A92068
:106B7000022A11D191F8AA20012A17D191F8A41064
:106B8000032913D101213963796941F00101796148
:106B9000032139630AE000BF98F8782052B991F8D0
:106BA000A410032900F06482012903D1B8F89410DD
:106BB000013979627968084040F0700078606FF0C0
:106BC0008000386138690499002918BF10F480707A
:106BD0001ED1F86840F2555140F08000F860386AE4
:106BE000084338626FF001003861F86840F0010036
:106BF000F8608020A8F896004020CAF80000DAF873
:106C0000040040F04000CAF8040005B0BDE8F08F71
:106C10006FF4807038610499013904913969049ADC
:106C2000002A18BF11F48071D3D03861049901395A
:106C300004913969049A002A18BF11F48071C8D0F0
:106C400038610499013904913969049A002A18BFFE
:106C500011F48071BDD0386104990139049139690A
:106C6000049A002A18BF11F48071D3D1B1E700BF94
:106C7000906AB2F8A0C0C0F3035503EB8505AC6879
:106C80004FF6F076B44344EA0C06AE605E6800F05E
:106C900003052E435E601E6800F01000012505FA12
:106CA00000F0064200F0128141F62860C2F20000B6
:106CB00000684DF68363C4F21B33A0FB0303D80CBA
:106CC00000EB40000490049800283FF4D2AE00BFCF
:106CD000049801380490049800283FF4CAAE049840
:106CE00001380490049800283FF4C3AE049801389A
:106CF0000490049800283FF4BCAE04980138049036
:106D000004980028E4D1B4E6D06AB2F8A010C0F329
:106D100003530BEB83039E684FF6F075AE4331438C
:106D20009960DBF8041000F003031943CBF804105A
:106D3000DBF8001000F01000012303FA00F001421C
:106D400000F0F88041F62860C2F2000000684DF6BD
:106D50008361C4F21B31A0FB0101C80C00EB4000B1
:106D60000490049800283FF497AE00BF04980138BF
:106D70000490049800283FF48FAE049801380490E2
:106D8000049800283FF488AE0498013804900498D1
:106D900000283FF481AE049801380490049800283C
:106DA000E4D179E6106BB2F8A010C0F3035304EB02
:106DB00083039E684FF6F075AE4331439960616876
:106DC00000F0030319436160216800F01000012303
:106DD00003FA00F0014200F0E38041F62860C2F2BD
:106DE000000000684DF68361C4F21B31A0FB010175
:106DF000C80C00EB40000490049800283FF465AEF6
:106E0000049801380490049800283FF45EAE04987A
:106E100001380490049800283FF457AE04980138D4
:106E20000490049800283FF450AE04980138049070
:106E300004980028E4D148E6506BB2F8A210C0F3E1
:106E4000035204EB820293684FF6F076B343194382
:106E50009160616800F0030211436160216800F0F5
:106E60001000012202FA00F0014200F0CD8041F64C
:106E70002860C2F2000000684DF68361C4F21B3145
:106E8000A0FB0101C80C00EB40000490049800280E
:106E90003FF431AE049801380490049800283FF480
:106EA0002AAE049801380490049800283FF423AED9
:106EB000049801380490049800283FF41CAE04980C
:106EC0000138049004980028E4D114E61E68304389
:106ED000186041F62860C2F2000000684DF6836336
:106EE000C4F21B33A0FB03036FF0070000EA13405A
:106EF0000490049800283FF4BCAD00BF049801380A
:106F00000490049800283FF4B4AD0498013804902C
:106F1000049800283FF4ADAD04980138049004981B
:106F200000283FF4A6AD0498013804900498002886
:106F3000E4D19EE5DBF800100843CBF8000041F6F1
:106F40002860C2F2000000684DF68361C4F21B3174
:106F5000A0FB01016FF0070000EA114004900498C3
:106F600000283FF499AD00BF0498013804900498BC
:106F700000283FF491AD049801380490049800284B
:106F80003FF48AAD049801380490049800283FF437
:106F900083AD04980138049004980028E4D17BE57F
:106FA00021680843206041F62860C2F200000068B2
:106FB0004DF68361C4F21B31A0FB01016FF00700A5
:106FC00000EA11400490049800283FF47EAD00BF11
:106FD000049801380490049800283FF476AD049892
:106FE00001380490049800283FF46FAD04980138EC
:106FF0000490049800283FF468AD04980138049088
:1070000004980028E4D160E521680843206041F637
:107010002860C2F2000000684DF68361C4F21B31A3
:10702000A0FB01016FF0070000EA114004900498F2
:1070300000283FF460AD00BF049801380490049824
:1070400000283FF458AD04980138049004980028B3
:107050003FF451AD049801380490049800283FF49F
:107060004AAD04980138049004980028E4D142E520
:1070700001213963796941F00101796103213963A3
:1070800098E5000090F87E10002908BF704780B591
:10709000D0F89C104FF68C7C0968CFF6FE7C8A698C
:1070A00048F6FF4E02EA0C0260328A610A6ACFF6A5
:1070B000FF6E42F001020A6290F87B20022A27D07C
:1070C000012A4BD10A6A42F004020A62B0F8942005
:1070D00052084A638B6903EA0E0343F4C0438B6191
:1070E0000B6A43F010030B620B6A43F040030B6220
:1070F0008A63CB6903EA0C0343F06003CB610B6A3C
:1071000043F480730B620B6A43F480633EE000BF7C
:107110000A6A22F004020A62B0F8942052084A6314
:107120008B6903EA0E0343F4C0438B610B6A43F09F
:1071300010030B620B6A23F040030B628A63CB6976
:1071400003EA0C0343F06003CB610B6A43F48073E2
:107150000B620B6A23F4806318E000BFB0F8942040
:1071600052084A638B6903EA0E0343F4C0438B6100
:107170000B6A43F010030B628A63CB6903EA0C03CA
:1071800043F06003CB610B6A43F480730B62CA6304
:1071900047F2417246F2DD71C0F6000247F2BD537C
:1071A000C0F60001026147F20562C0F60003C0F6B6
:1071B0000002C0E900130021826080F87E10BDE863
:1071C0008040704790F87E10002950D1D0F89C1074
:1071D0004FF68C7C0968CFF6FE7C8B6903EA0C03C2
:1071E00060338B610B6A43F001030B620B6A23F07F
:1071F00004030B6200234B6390F87B30022B13D007
:10720000012B22D18B6948F6FF42CFF6FF621A406C
:1072100002F580528A610A6A22F010020A620A6A42
:1072200042F0400310E000BF8A6948F6FF43CFF602
:10723000FF631A4002F500528A610A6A42F01002A6
:107240000A620A6A22F040030B62CA6902EA0C026F
:1072500042F07002CA610A6A22F480720A620A6A03
:1072600022F480620A62D0F88C10C0F8881047F2CD
:10727000FD3247F21931C0F6000247F2BD53C0F6A5
:107280000001026147F26932C0F60003C0F6000255
:10729000C0E900130121826080F87E107047000071
:1072A00080B5B0F89430D0F89C20594312684FEA6A
:1072B000114EA0F850E0D2F81CC048F6FF41CFF6BE
:1072C000FF6101EA0C0101F5E041D161B0F87410F1
:1072D000591A1164B0F876104FF68F73D163C2F863
:1072E00034E05168CFF6FF531940703151600321EB
:1072F00080F87A1051687022C0F200221140B0F874
:10730000562018BF0121012A02BF0021A0F8561003
:107310000121084680BD000080B5D0F89CE04FF602
:107320008F72DEF80030CFF6FF52D3F804C002EAC5
:107330000C025A6090F87A20D0F88C000EEB820292
:10734000D2F88820D2F88020801A47F6FF72904247
:10735000B8BF024648F20100CFF6FF708242D8BFA4
:1073600002460A804A8080BDD0F89C104FF0010C84
:107370000A68916921F008019161D16921F40061E5
:10738000D161C2F834C0B0F89430053B13649369FE
:1073900043F008039361D36943F40063D361536CF2
:1073A00043F480635364536C43F40043536490F894
:1073B0007B30022B1CD180B5116AD0F83CE0B0F8CC
:1073C000483040F25552114206D0CEF81830016CC8
:1073D000B0F84A208A6105E0CEF82830016CB0F898
:1073E0004A208A62416CB0F84C208A62BDE8804035
:1073F000032180F87A1080F884C07047D0F89C1080
:1074000009688A6922F008028A6100224A638A694F
:1074100042F008028A614A6C42F400424A6490F8E1
:107420007B10022918BF704700F13C0CB0F84810DF
:107430009CE80C109161B0F84A109962B0F84C00C9
:10744000CCF828007047000080B5D0F89C1009687F
:107450008A6922F008028A618A6922F400628A61DC
:10746000CA6922F00802CA61CA6922F40062CA61CC
:1074700000224A638A63CA63B0F89420053A0A641A
:107480008A6942F008028A618A6942F400628A616C
:10749000CA6942F00802CA61CA6942F40062CA615C
:1074A0004A6C42F480624A644A6C42F400424A6484
:1074B00090F87B20022A0ED100F13C0EB0F8482053
:1074C0009EE808509A61B0F84A20CCF81820B0F82D
:1074D0004C20CEF81820032280F87A20086A40F465
:1074E0008050086280BD000090F89910D0F89C2070
:1074F00080F87A101168B0F85020B0F894304A63E0
:10750000B0F852208A63B0F854005A1EC86390B293
:10751000086448687021C0F20021084018BF0120AB
:107520007047000010B5B0F894E0B0F85830D0F8CB
:107530009CC0AEEB0302BCF8681092B28A4205D937
:10754000042180F87A10AEF1010316E0B0F85A4039
:107550001C1BA4B2B4EB420F04D9BCF86A105B1A2E
:107560000BE000BF0B4499B2714506D34FF4807114
:10757000A0F89610D94301EB4E03DCF80010B0F8E8
:1075800050204A63B0F852208A63B0F85400C863B0
:1075900098B2086448687021C0F20021084018BF02
:1075A000012010BDD1E900238968C0E92223C0F879
:1075B0009010012180F87F1070470000D0F89C10D7
:1075C0000022096880F8842080F87C204A6C22F42C
:1075D00000424A6490F8831001B1704790F87B1024
:1075E000022918BF704700F13C0CB0F848109CE825
:1075F0000C109162B0F84A109962B0F84C00CCF8C7
:1076000028007047D0F89C100022096880F87C2080
:107610008A6922F008028A618A6922F400628A611A
:10762000CA6922F00802CA61CA6922F40062CA610A
:10763000B0F894205308053A4B638B63CB630A641C
:107640008A6942F008028A618A6942F400628A61AA
:10765000CA6942F00802CA61CA6942F40062CA619A
:107660004A6C42F480624A644A6C42F400424A64C2
:1076700090F87B20022A12D10B6AD0F83CC0B0F8F7
:10768000482040F255510B420ED0CCF81820B0F8EB
:107690004A10D0E910239161B0F84C109961012192
:1076A00080F88410704700BFCCF82820B0F84A104A
:1076B000D0E910239162B0F84C109962012180F852
:1076C00084107047B0B5D0F89C200146D2E900C0C4
:1076D00091F87A30B8B100EB830EDEF83040651CCB
:1076E00006D050F82300056825F486752C43046005
:1076F000DEF84800441C06D0DEF818502C6824F44C
:1077000086742043286002EB8302B1F89600936BE5
:10771000156F0343D2F88840EB64126D1043E064A8
:10772000DCF804004FF68F72CFF6FF521040703035
:10773000CCF80400802201F17800A1F89620B0BDB9
:10774000D0F89C200123126880F87C30936923F0E4
:1077500008039361936923F400639361D36923F071
:107760000803D36151639163D163916941F00801CA
:107770009161916941F400619161D16941F0080121
:10778000D161516C41F40041516490F87B100229A1
:1077900018BF704700F13C0CB0F848109CE80C1082
:1077A0009161B0F84A109961B0F84C00CCF818001B
:1077B0007047000042F2CC00C2F2000001780029BC
:1077C00008BF70474178012200EB81004068037ACE
:1077D000006803EB43014FEA836C9A40092B4FEAA0
:1077E000015305D842EA030141EA0C0107E000BF5A
:1077F000A3F1F07141EA0C01114341F00071026BF9
:10780000890E61F38A120263016C042101608168B0
:107810004FF6C072C7F6FF721140043181607047A5
:1078200042F2CC0CC2F2000C9CF80010002908BFF8
:10783000704780B59CF801200CEB8200D0F804E082
:10784000DEF8000003685B0704D5006C20F00F0031
:10785000AEF80A00481E801A18BF501C8CF80100B0
:10786000BDE8804070470000B0B542F2CC02C2F2E1
:1078700000021578032D00F2848002EB8503586026
:107880006B1C1370026805739368DB074ED1536855
:107890004FF6C07E23F00403536004231360D2F834
:1078A00004C0C7F6FF7E2CF0200353602023136032
:1078B000D2F808C00EF1404303EA0C0303F1004381
:1078C000936000BF9368B3F1FF3F11DC9368B3F19D
:1078D000FF3F0DDC9368B3F1FF3F09DC9368002B99
:1078E000F0D405E0936803EA0E0343F001039360CC
:1078F0001368DB071AD1936803EA0E0343F0010310
:1079000093601368DB0711D1936803EA0E0343F019
:10791000010393601368DB0708D1936803EA0E0341
:1079200043F0010393601368DB07DBD0136B012185
:1079300023F00F031363037A092B07D8994041EA18
:10794000836103EB430341EA03530CE001FA03FCB8
:10795000002103EB4303CFF6206101EB035141EA21
:107960000C0141F00073C3F3406102EB81014068F8
:107970004A69C3F3045307249C40A2439840104330
:1079800048610020042D38BF0120B0BD0146D0E978
:107990000220022804D30B6901381A4406E000BF14
:1079A000012804D148684A6942430020C8604869F8
:1079B0008A6092FBF0F070472DE9F0470E460446CE
:1079C00062B3A0686169914690FBF1F7A6EB0708E6
:1079D000404603F02FF88246384603F02BF8054660
:1079E000304603F027F8216844F6D35201FB09F131
:1079F000C1F26202A1FB0212AA4538BF554601211D
:107A0000854228BF054601EB921105FB08F292FB67
:107A1000F1F205FB07F0666007E000BF304603F0B7
:107A200009F8054670430021002204F1080307C34A
:107A300001206561BDE8F08700210122C0E9011144
:107A4000C0E9031142617047C068B0FA80F0400994
:107A50007047000070B5A1F10806490741EAD60158
:107A600004290FD8DDF810E0DFE801F004101E2A29
:107A7000700000BFBEF1010F1EDB01201880052041
:107A8000C0B270BD0720C0B270BD00BFBEF1020F12
:107A900012DBA0F565604FF6BF71084018BF0520E6
:107AA0000221C0B2198070BDBEF1040F04DB0420B6
:107AB00018800520C0B270BD0820C0B270BD00BFE4
:107AC000602855D0202840F0918001204CF2125CB3
:107AD0001880C0F6000C9CF80000002800F0B3806D
:107AE000012400211FFA8EFEA4B2744580F0948018
:107AF00050541C880CEB0100661C1E8045785418FD
:107B0000002D00F08D80B6B2764580F085806570DE
:107B10001D886E1C1E808578002D00F08D80B6B209
:107B2000764579D2A5701D886E1C1E80C578002D03
:107B30007CD0B6B276456FD2E5701C880431013432
:107B40001C8000790028CFD14AE000BF282809D145
:107B50000A20BEF10C0F10804ED208200C21C0B2BA
:107B6000198070BD1088811C0520C0B2198070BDBD
:107B700001204CF2F24C1880C0F6000C9CF800007A
:107B8000002860D0012400211FFA8EFEA4B27445A3
:107B900042D250541C880CEB0100661C1E804578B4
:107BA0005418EDB3B6B2764536D265701D886E1C9A
:107BB0001E808578002D45D0B6B276452CD2A570B2
:107BC0001D886E1C1E80C57885B3B6B2764523D25B
:107BD000E5701C88043101341C8000790028D5D15F
:107BE0000A4400201070C0B270BD00BF0020188091
:107BF0000520C0B270BD00BF4CF66C30C0F600006E
:107C000001890232118141680068516010600020D2
:107C10000C21C0B2198070BD0620C0B270BD00BF7B
:107C2000621C00201070C0B270BD00BFE21C0020BA
:107C30001070C0B270BD00BFA21C00201070C0B296
:107C400070BD00BFA21C00201070C0B270BD00004B
:107C5000F0B581B01746A1F10802490741EAD20206
:107C6000042A19D801461C46069BDFE812F00500DD
:107C700019009900B9000301012BC0F2AD808829D9
:107C800000F07481482940F07D8140F63430C2F222
:107C90000000FCF7CDFC6FE1072001B0F0BD00BF94
:107CA000022BC0F29980A1F190004FEAB01169292E
:107CB00000F22C820020DFE811F06B001902210293
:107CC00029022F0237023F02290247024F025702C0
:107CD000290229022902290229022902290229024C
:107CE00029025F02670229022902290229022902C8
:107CF000290229026F0277027F0287028F02970210
:107D00009F02A702AF02B702BF02C702D502DB0281
:107D1000290229022902290229022902290229020B
:107D200029022902290229022A022A0229022902F9
:107D300029022902290229022902290229022902EB
:107D400029022902290229022902290229022902DB
:107D50002902E302EB02F302FB0203030B0313030A
:107D60001B0323032B0333033B0343034B03530343
:107D700029022902290229022902290229022902AB
:107D80002902290229022902290229025B0300BFD4
:107D900040F6D030C2F20000FDF708FE5BE200BF03
:107DA000042B19DB97294FF0050040F3F180982947
:107DB00000F04E8140F65822914200F0538141F686
:107DC0005832914240F0648141F6D870C2F200000E
:107DD0000068FDF781FE4FE1082001B0F0BD00BF53
:107DE000E02900F07180A02940F0B68040F6D8402C
:107DF000C2F20000D0F800C0012020809CF8006092
:107E0000002E00F06E8100219AB280B2904280F084
:107E1000A9807E5420880CEB0103451C25805878EE
:107E20007E18002800F04A81ADB2954280F09A8019
:107E300070702088451C25809878002800F04A81C1
:107E4000ADB2954280F08E80B0702088451C2580B0
:107E5000D878002800F03881ADB2954280F0828059
:107E6000F07020880431013020801E79002ECCD1A2
:107E70006CE000BFA1F168004FEAB0110C294FF08F
:107E8000050000F21681BA1CDFE811F00E008E002A
:107E90009800AA001301B000C400130113011301DC
:107EA00013011301D20000BF3C203E2B3880C0F0EC
:107EB0009B8040F66430C2F20000016810463C220C
:107EC000F8F76AFAF4E000BF40F66430C2F200004E
:107ED000D0F800C0012020809CF82460002E00F023
:107EE000008100219AB280B290423BD27E54208819
:107EF0000CEB0103451C258093F825007E18002813
:107F000000F0DC80ADB295422CD270702088451C08
:107F1000258093F82600002800F0E280ADB295425B
:107F200020D2B0702088451C258093F827000028B7
:107F300000F0CA80ADB2954214D2F07020880431AE
:107F40000130208093F82860002ECCD10F4400200F
:107F5000387001B0F0BD00BF00202080052001B0C6
:107F6000F0BD00BF062001B0F0BD00BF40F63430C8
:107F7000C2F20000FCF718FB3870002001212180BC
:107F800001B0F0BD05200121218001B0F0BD00BF8E
:107F9000182975D0582940F07B8040F63430C2F261
:107FA0000000FCF7FDFA59E01020122B38801BD39B
:107FB00040F27000C2F20000006871E00E20102B49
:107FC000388011D340F62020C2F200000068818979
:107FD00091810168836840689360506067E000BFEA
:107FE0000C200E2B388057D2082062E040F6343641
:107FF000C2F200063046FCF70DFB00EB40004000EB
:10800000C7F802003046FCF703FBF88006203880F2
:108010004EE000BF40F634360420C2F2000638803D
:108020003046FCF7FBFA78803046FCF7F1FA0DE0B9
:1080300040F634360420C2F2000638803046FCF7A1
:10804000E3FA78803046FCF7DFFA000CB8802FE0C6
:1080500040F63430C2F20000FCF7E4FA00EB4000D6
:10806000400013E040F63430C2F20000FCF7A0FA02
:1080700000EE100AB8EEC00A87ED000A07E000BF64
:1080800040F63430C2F20000FCF796FA3860002067
:108090000421218001B0F0BD41F6E870C2F2000079
:1080A00001684368C6688068D6609060536011605C
:1080B000002039880231218001B0F0BD771C0020FA
:1080C000387001B0F0BD00BFF71C0020387001B05F
:1080D000F0BD00BFB71C0020387001B0F0BD00BF7C
:1080E000B71C0020387001B0F0BD00BF40F6D030A2
:1080F000C2F20000FDF754FCADE000BF40F6D03006
:10810000C2F20000FDF746FCA5E000BF05200221F9
:10811000218001B0F0BD00BF40F6A430C2F20000E3
:10812000FDF744FC97E000BF40F6A430C2F2000027
:10813000FDF736FC8FE000BF40F6A430C2F200002D
:10814000FDF728FC87E000BF40F67830C2F200005F
:10815000FDF72CFC7FE000BF40F67830C2F2000053
:10816000FDF71EFC77E000BF40F67830C2F2000059
:10817000FDF710FC6FE000BF40F2B400C2F2000057
:1081800002F02AF867E000BF41F63C60C2F200004E
:10819000FDF7F8F95FE000BF40F63430C2F20000AE
:1081A000FCF710FA57E000BF40F63430C2F200008E
:1081B000FCF708FA4EE000BF40F63430C2F200008F
:1081C000FCF704FA47E000BF40F63430C2F200008A
:1081D000FCF7FCF93EE000BF40F63430C2F200008C
:1081E000FCF7F8F937E000BF40F63430C2F2000087
:1081F000FCF7F0F92EE000BF40F63430C2F2000088
:10820000FCF702FA27E000BF40F63430C2F200006B
:10821000FCF7FAF91EE000BF40F63430C2F200006D
:10822000FCF710FA17E000BF40F63430C2F200004D
:10823000FCF708FA0EE000BF40F63430C2F200004E
:10824000FCF7FCF907E000BF40F63430C2F2000052
:10825000FCF7F4F9000C388000200221218001B0E5
:10826000F0BD00BF40F21810C2F200008088F2E7B3
:1082700040F21810C2F2000000F0A6FCEBE700BFCD
:1082800040F6FC30C2F20000FDF790FBE3E700BFD0
:1082900040F6FC30C2F20000FDF782FBDBE700BFD6
:1082A00040F6FC30C2F20000FDF774FBD3E700BFDC
:1082B00040F6D030C2F20000FDF77CFBCBE700BFF8
:1082C00040F6D030C2F20000FDF76EFBC3E700BFFE
:1082D00040F6D030C2F20000FDF760FBBBE700BF04
:1082E00040F67830C2F20000FDF764FBB3E700BF50
:1082F00040F67830C2F20000FDF756FBABE700BF56
:1083000040F67830C2F20000FDF748FBA3E700BF5B
:1083100040F6A430C2F20000FDF74CFB9BE700BF23
:1083200040F6A430C2F20000FDF73EFB93E700BF29
:1083300040F6A430C2F20000FDF730FB8BE700BF2F
:1083400040F6FC30C2F20000FDF734FB83E700BFCB
:1083500040F6FC30C2F20000FDF726FB7BE700BFD1
:1083600040F6FC30C2F20000FDF718FB73E700BFD7
:1083700040F66830C2F20000B0F90800642103231F
:1083800000FB01F2C8F2010352FB03F210FB0120D3
:10839000810B01EBD0705EE7A1F1080C490741EABF
:1083A000DC01042910D880B58646DDF808C0DFE876
:1083B00001F0030F1F27590005200121BEF1480FCE
:1083C00008BF0420198080BD002018800720704756
:1083D000BEF5656F5CDBBEF5656F4FF000005ED0EB
:1083E000BEF5696F5BD041F65830864556D05BE0EC
:1083F0000520BEF1180F08BF04200421198080BD9C
:1084000001201880117800295FD01FFA8CFC80B2FF
:10841000604547D211701888411C19805078002897
:1084200046D089B261453DD250701888411C1980F0
:108430009078002842D089B2614533D29070188874
:10844000411C1980D07800283ED089B2614529D2DC
:10845000D07018880130188012F8041F0029D6D176
:1084600033E000BF10881FFA8CF2023081B29142D3
:10847000188003D9002018800A2080BDAEF12800A2
:108480004FEAB0110520042938BF042080BD00BF89
:10849000BEF5B26F02D0BEF5BA6F05D1042002213D
:1084A000198080BD042080BD05200221198080BD77
:1084B000013200201070042080BD00BF0232002075
:1084C0001070042080BD00BF033200201070042013
:1084D00080BD000070B51C46A1F10803490741EAC0
:1084E000D301042926D8049BDFE801F0042A527244
:1084F000AC0000BFB0F5A96F4FF0040680F2B08069
:10850000482800F07282882840F0A4811078013851
:10851000032800F26982DFE810F0050059026102C9
:108520006D0200BF40F63430C2F20000FCF7B4F830
:108530005AE200BF002007262080304670BD00BFF1
:108540001588B0F5256FC0F2CB8041F2CF4188424B
:1085500040F3EE8041F24F61884200F3298141F2FD
:108560008F51884200F38E8141F2D041884200F061
:10857000538241F21051884200F0548241F250512E
:10858000884240F0D98240F67830C2F20000ACE177
:1085900018284FF0040500F0C38058284FF0040657
:1085A00013D0982840F0C080B2F9000042F6AB2109
:1085B0004843010C01EBD07001B240F63430C2F2F6
:1085C000000000220026FBF7BDFF3046258070BD6D
:1085D000012020801178002900F04F81012698B2F7
:1085E000B3B2834280F09A80117021884B1C2380A3
:1085F0005178002900F034819BB2834280F08E8054
:10860000517021884B1C23809178002900F02E8125
:108610009BB2834280F08280917021884B1C238022
:10862000D178002900F028819BB2834280F07680C7
:10863000D17021884E1C268012F8041F0029CFD14A
:108640001BE100BF114631F8026B9BB20236B5B296
:108650009D42268010D9002020800A2070BD00BFD6
:10866000B0F5A96F00F0C181B0F5B16F18BF052654
:1086700001202080304670BD28384FEAB010142801
:1086800000F252810426DFE810F0150015001500F5
:1086900015004F014F01170051014F014F014F01CC
:1086A0004F014F015D0167014F014F014F014F0124
:1086B0004F01770141E700BFD2F802004AF6AB2133
:1086C000C2F6AA2150FB01F000EBD070D28801B2B3
:1086D00040F63430C2F20000FBF734FF002070BDDA
:1086E000B0F5F26F44DAB0F5047F7BDBB0F5447F80
:1086F00080F2DC80B0F5047F00F09A81B0F5247F31
:1087000000F09E81B0F5347F40F0168240F678305C
:1087100029B2C2F20000FDF761F908E2042070BD41
:108720000420258070BD00BF05263046258070BD21
:10873000B0F5696F4FF000066ADB41F20F418842E5
:1087400000F3C080B0F5696F00F0F28141F2903122
:10875000884200F07B8141F2D031884240F0EC81C8
:1087600040F6FC3029B2C2F20000FDF737F9DEE135
:10877000B0F50D6F5EDBB0F5196F80F2BB80B0F520
:108780000D6F00F01E81B0F5116F00F01A81B0F589
:10879000156F40F0D18140F63436C2F20006304603
:1087A000FBF732FF4FF6FF71884341199BE100BF91
:1087B00041F20F71884200F3A78041F25061884274
:1087C00000F04A8141F29061884200F04B8141F211
:1087D000D061884240F0B08140F6FC30C2F2000027
:1087E00083E000BFB0F5887FC0F2CE8000F040810A
:1087F000B0F5C87F00F04481B0F5E87F40F09C817F
:1088000040F6A43029B2C2F20000FDF7E7F88EE18D
:10881000B0F52D6FC0F2C68000F0D380B0F5316F97
:1088200000F0CF80B0F5656F18BF052602202080CC
:10883000304670BDB0F5016FC0F2BC8000F0C18061
:10884000B0F5056F00F0BD80B0F5096F00F0B9809C
:1088500072E100BF052601202080304670BD00BFB8
:10886000013200201070042070BD00BF02320020D1
:108870001070042070BD00BF03320020107004206F
:1088800070BD00BF41F29051884200F0FF8041F27C
:10889000D051884200F0008141F21061884240F0DE
:1088A0004B8140F6A430C2F200001EE000F0FA80D6
:1088B000B0F5B26F00F08580B0F5BA6F00F081803E
:1088C0003AE100BF41F21041884200F0F38041F2EA
:1088D0005041884200F0F68041F29041884240F0D9
:1088E0002B8140F6D030C2F200002946FDF778F81F
:1088F0001DE100BF00F0EE80B0F51D6F61D0B0F556
:10890000216F5ED018E100BF41F21071884200F083
:10891000EF8041F6D021884200F0F28041F65831D4
:1089200088424ED008E100BF052070BDB2F90210A8
:10893000D28840F63430C2F20000FBF709FE002076
:1089400070BD00BF096840F63430C2F20000FBF78A
:108950007DFE002070BD00BFD2F80200D2F80610E4
:1089600000EE100A40F6343000EE901AC2F2000019
:10897000FBF7E4FD002070BD40F69C20C2F2000031
:10898000BDE87040FBF76EBF902800F0C980D0288A
:1089900040F0D28040F6D03029B2C2F20000FDF79C
:1089A0001DF8C4E0B0F5256F0BD0B0F5296F08D0E5
:1089B000C2E000BFB0F5F26F03D0B0F5FA6F40F03F
:1089C000BB80042602202080304670BD40F6343043
:1089D000C2F20000FBF752FE06E000BF40F6343062
:1089E000C2F20000FBF764FE002601202080304622
:1089F00070BD00BF40F63435C2F200052846FBF7D3
:108A000019FE0146284600220026FBF7A1FD0120A1
:108A10002080304670BD00BF40F6D030C2F200006A
:108A20006AE000BF40F67830C2F200004EE000BFBE
:108A300040F6A43029B2C2F20000FCF7C7FF76E08E
:108A400040F6783029B2C2F200006EE040F6FC3009
:108A500029B2C2F2000068E040F6A430C2F2000081
:108A60004AE000BF40F6FC30C2F200002EE000BF3A
:108A700040F6D03029B2C2F20000FCF7A7FF56E062
:108A800040F6A43029B2C2F200004EE040F6783041
:108A9000C2F2000030E000BF40F6A430C2F2000095
:108AA00014E000BF40F6783029B2C2F20000FCF7B3
:108AB0008DFF3CE040F6FC3029B2C2F20000FCF72A
:108AC00085FF34E040F6D030C2F200002946FCF7C2
:108AD000A3FF2CE040F63436C2F200063046FBF726
:108AE00093FDC0EA05413046FBF7B0FD1FE000BF33
:108AF00040F6FC30C2F200002946FCF769FF16E0A0
:108B000048F21F51C5EBC530C5F2EB11A0FB0101C6
:108B1000480940F66831C2F20001088107E000BF51
:108B200040F6D03029B2C2F20000FCF773FF0026F5
:108B300002202080304670BD05260220208030466D
:108B400070BD00004FF6FF72914204BF00207047D5
:108B5000C388B0F80CC0CA1A418903EB12236145DF
:108B6000C3800BD19AB28A4220D8018A00238A425C
:108B700038BF01239900018108467047028A9BB2E1
:108B8000934203D20421018108467047827B2AB1B7
:108B90008B424FF00001EED9817307E0634505D2A7
:108BA0000121817300210181084670470221018162
:108BB000084670474189028A11444908C1807047BC
:108BC000B0F90C0070470000B0F90C0070470000CD
:108BD00070B5098802460BB281EAE331A1EBE331BB
:108BE000538A007892F803C01DB2B2F814E083EA09
:108BF000E533064689B2D48AA3EBE533158B60458D
:108C00003CBF00260130714588BF06469BB2A14299
:108C100038BF0646AB4288BF0646F0B2B0EB0C0048
:108C200018BF0120167070BDB0B50446007804224C
:108C3000042808BF0822E168A558022904D3E26984
:108C40000139154405E000BF012903D161880D04F5
:108C50000021E16003280DD16069FFF7B1FFC0EB8F
:108C60001541206909B2FCF7E1FE6560050400B218
:108C7000A560B0BD280C00B2A560B0BD0178042984
:108C800006D0032918BF704700690021FCF79CBE7D
:108C9000002181607047000080B590F800E0BEF1CF
:108CA000040F0DD1B0F92C304FF0000C8B423EDC9C
:108CB000438D99423BDC9AB3D0F808C016E000BF60
:108CC000438C994203DCB0F928308B4202DD00204E
:108CD00080BD00BF838CD0F804C0994205DAB0F99A
:108CE00026308B42BCBF002080BD9AB1038C4180EE
:108CF0005A4344F6D353C1F26203A2FB0323012279
:108D0000A1EB1C4102EB9312090491FBF2F1C2604A
:108D10000AE000BFBEF1030F02D10904416001E087
:108D2000090481600021C1604FF0010CC1616046FF
:108D300080BD000010B504464069FFF741FF000404
:108D4000606010BDD0F8320070470000B0F9060036
:108D500070470000B0F930007047000080B590F80F
:108D60002E30B0F830C00370438E4FEA0C4C1B0419
:108D70004FF0000EA0F802E0C0E901C3C0E903E132
:108D80004261C0F81CE080BD01700021C1607047E5
:108D900041617047002804BF012070470921FF226C
:108DA00000F01CBA00280FBF012047F60001C4F2F2
:108DB0000001016018BF002070470000002804BFB8
:108DC000012070472DE9F04F85B014460546002A72
:108DD0004FF0010000F081800E462968002900F064
:108DE0007C8048F200084EF2100701A8CFF6004838
:108DF000CEF20007FAF7ECFD029879683A68013183
:108E0000B0FBF1F0510758BFC0086421484344F655
:108E1000D351C1F26201A0FB0101012042F28E0C8C
:108E200042F28E4900EB91110023C0F2010C4FF089
:108E3000020EC0F201294FF0030A4FF0040B05E0C7
:108E40003A68D20301EBE271002945D0DBB2092B6D
:108E500050D8DFE803F0050B151B1F252F353B45C8
:108E60002A68926920EAD233EAE700BF2A68536889
:108E700003EA080343EA0C0353600223E0E700BF60
:108E80002A689269530860F35F03D9E72A680423CC
:108E90009662D5E72A68926993096EF35F03CFE77C
:108EA0002A68536803EA080343EA09035360062368
:108EB000C6E700BF2A68926993086AF35F03BFE7B9
:108EC0002A680823526A2270BAE700BF2A689269AA
:108ED00053096BF35F03B3E7032005B0BDE8F08FE0
:108EE0002868C16941F02001C161002005B0BDE8DA
:108EF000F08F00BF012005B0BDE8F08F002804BF4F
:108F000001207047B0B582B00B212D22044600F03D
:108F100065F94FF0000558B90DF107022046802190
:108F2000FFF74CFF9DF90710B1F1FF3FC8BF0125C6
:108F3000002D014608BF0121002818BF014629B1B4
:108F400002B0BDE8B0400846704700BF20460C2183
:108F5000FF2200F043F9014602B0BDE8B0400846E8
:108F600070470000B0B582B0044600208DF80400C0
:108F700054B30D4601AA20460121FFF71FFF28B96F
:108F800020460B212D2200F029F908B320460B21A1
:108F9000DD2200F023F94FF0000558B90DF107026A
:108FA00020468021FFF70AFF9DF90710B1F1FF3F2E
:108FB000C8BF01250146002D18BF0121002818BF98
:108FC0000146084602B0B0BD0121084602B0B0BD5E
:108FD0000DF1050220468021FFF7F0FE0028D5D1D3
:108FE0009DF905000028D1D4E8B20428CED8DFE8E6
:108FF00000F003090F171F009DF8040040F0200047
:109000001CE000BF9DF8040020F0230016E000BF24
:109010009DF8040040F0010020F022000EE000BFA7
:109020009DF8040040F0020020F0210006E000BF9F
:109030009DF8040040F0030020F020008DF80400AB
:10904000C2B22046012100F0C9F800289ED101AA31
:1090500020460821FFF7B2FE00287FF497AF9DF865
:109060000400290A61F300008DF80400C2B2204612
:10907000082100F0B3F800287FF488AF01AA204649
:109080000721FFF79BFE00287FF480AF9DF80400C6
:10909000290C61F300008DF80400C2B220460721BC
:1090A00000F09CF800287FF471AF20460B21DD22F0
:1090B00000F094F828B90DF1060220468021FFF750
:1090C0007DFE0021084602B0B0BD0000B0B582B000
:1090D000044600208DF8040054B30D4601AA204632
:1090E0000221FFF76BFE28B920460B212D2200F04C
:1090F00075F808B320460B21DD2200F06FF84FF021
:10910000000558B90DF1070220468021FFF756FEF1
:109110009DF90710B1F1FF3FC8BF01250146002DA1
:1091200018BF0121002818BF0146084602B0B0BD93
:109130000121084602B0B0BD0DF105022046802194
:10914000FFF73CFE0028D5D19DF905000028D1D4B9
:109150009DF80400E9B200F0F30203298DF8042021
:10916000C8D8DFE801F00F03070B00BF42F004028C
:1091700006E000BF42F0080202E000BF40F00C022F
:109180008DF804202046022100F028F80028B1D1F3
:1091900001AA20460821FFF711FE0028AAD19DF858
:1091A0000400290A61F382008DF80400C2B220464F
:1091B000082100F013F800289CD120460B21DD2265
:1091C00000F00CF828B90DF1060220468021FFF7C7
:1091D000F5FD0021084602B0B0BD00002DE9F04FBA
:1091E00085B0002800F08080064600680124002831
:1091F00000F07B8048F200084EF2100501A891466D
:109200000F46CFF60048CEF20005FAF7E1FB0298D0
:1092100069682A680131B0FBF1F0510758BFC008F6
:109220006421484344F6D351C1F26201A0FB01011D
:1092300042F28E0C40F28E0E04EB91100022C0F22E
:10924000011CC0F2012E4FF0030A4FF0040B05E0A1
:109250002968C90300EBE17000284BD0D2B2092A7B
:109260004ED8DFE802F0050B151B1F252F353B53A9
:109270003268926924EAD232EAE700BF3268536862
:1092800003EA080343EA0C0353600222E0E700BF4D
:1092900032689269520864F35F02D9E732689762D4
:1092A0000422D5E732689269D2B2D2090432CFE7FC
:1092B000326808F580615368194041EA0E01516037
:1092C0000622C5E7316889694A086AF35F02BFE789
:1092D00031680822C1F82890BAE700BF316889696F
:1092E0004A096BF35F02B3E70124204605B0BDE8ED
:1092F000F08F00BF0324204605B0BDE8F08F00BF0B
:109300000124204605B0BDE8F08F00BF306800247E
:10931000C16941F02001C161204605B0BDE8F08F70
:109320004EF60C50CEF2000000684FF0FF32C0F352
:10933000022080F00701042928BF0421033802FA23
:1093400001F14FF0050238BF002022EA010101FAC5
:1093500000F04EF24B410001CEF2000108704EF2D7
:109360000810CEF200004FF4006101607047000069
:1093700044F25C50C2F20000017829B94EF6007246
:10938000CEF200024B2313600131CAB2032A88BF18
:10939000002101707047000080B540214CF2B0629E
:1093A00001EB1051C0F60002C0F30753C9B202EB43
:1093B000430C32F9133002EB410E32F91110BCF9B3
:1093C00002206FF31F50D21ABEF902C0424303EBD2
:1093D0002252ACEB0103584301EB2050C2EA00409B
:1093E00080BD000010B5044600684FF0004100EB5E
:1093F0008000400094F83620B1FBF0F04FF0000CF4
:10940000012A4FF00002E06205D1B4F91820520899
:1094100022834FF07C42638BA18BA4F830C08B4237
:109420004FEA123122626186A18609D183FB0001D5
:10943000C00840EA41706062002084F8370010BD27
:109440002046FEF7F9FA618B00206062890220460F
:109450000022FEF7B1FAA08BE28B81022046FEF7D4
:10946000ABFA012084F8370010BD000010B50446A7
:1094700090F83700618EA186E0B12046FEF786FAAB
:10948000E16A226A81FB0001400B40EAC1401044BE
:10949000010B20626186FFF77FFF218B94F8362055
:1094A00010FB01F0C00B012A08BF0844208600B25F
:1094B00010BD00BFD4E9080108442062FFF76CFF2B
:1094C000B4F9181094F8362011FB00F3D80B012AD8
:1094D00008BF01EBD330216A2086090B00B26186F8
:1094E00010BD000010B5044642F24C10C2F200005C
:1094F00094F8481042F24D120078C2F2000201F0D6
:10950000FC011278084340EA4201206884F84810C0
:10951000FBF78EF8A0F10A0102290BD3062819D017
:1095200010BB94F84800C0071ED02068BDE810406A
:10953000FBF7CCB894F84800800758BF10BD2068EE
:10954000FBF70EF894F8480000F0FD0084F848009E
:109550000AE000BF94F84800C00705D12068BDE8C4
:109560001040FBF7C7B800BF10BD0000002180F815
:109570003210C0F84610C0F84210704710B50446CB
:1095800090F84800410718D5A28F618F606B134691
:10959000914238BF0B4688BF0A468283B4F8402008
:1095A000E18FC283228F01830021438380F836102C
:1095B0000260FFF717FF94F8480000F0040100F084
:1095C000F702206842EA41030021002284F8483073
:1095D000BDE81040FAF7B6BF10B504460068FBF7C7
:1095E00027F8062818BF10BD94F8480041070BD48F
:1095F000010739D4B4F84210B4F84420914218BF9E
:10960000A4F8441036E000BF00071CD4A28F618F7D
:10961000606B1346914238BF0B4688BF0A4682836F
:10962000B4F84020E18FC283228F0183002143835D
:1096300080F836100260FFF7D5FE94F8480040F03D
:10964000080084F84800606BFFF710FF616BA4F816
:10965000460091F837209AB10846FEF7F5F978B13F
:109660002068FBF747F80BE0B4F84610A4F8421066
:10967000A4F8441000F0F70084F84800A4F846105D
:109680002068B4F946100022BDE81040FAF75ABF2E
:1096900010B541F62464C2F200042078042804D1F5
:1096A000F9F79EFDF9F780FE002000210130C4F299
:1096B000020120700868800707D50220486041F643
:1096C000B060C2F20000F6F7F1FFBDE81040FBF712
:1096D00073BD000080B582B042F20000C4F2020007
:1096E0000168042262F30301016000BF016801F018
:1096F0000F0104290ED0016801F00F01042909D0DF
:10970000016801F00F01042904D0016801F00F0184
:109710000429EBD147F28001C4F200010A6841F24A
:10972000080022F48072C4F202000A6050F8081C9B
:1097300041F4807140F8081C50F8081C49050CD40D
:1097400050F8081C49055CBF50F8081C5FEA4151FD
:1097500003D450F8081C4905EED550F8041C4022EB
:1097600062F31E6140F8041C416848F20C02CFF617
:10977000FF12114045F2325211434160416848F2F4
:109780000C02C0F2FF72114045F23252C4F20002E4
:1097900011434160416841F080714160416841F48A
:1097A0008031416050F8081C41F0807140F8081C7D
:1097B00050F8081C89010CD450F8081C89015CBFC2
:1097C00050F8081C5FEA811103D450F8081C890185
:1097D000EED50168082241F003010160016862F3DF
:1097E00007110160016801F00C010C290ED001681D
:1097F00001F00C010C2909D0016801F00C010C29C1
:1098000004D0016801F00C010C29EBD15521019124
:109810000199A1B1019901390191019979B1019998
:1098200001390191019951B10199013901910199D0
:1098300029B101990139019101990029EAD1016801
:1098400021F0F0010160016821F4E061016001682C
:1098500021F4605101604FF68060C0F62120FAF7D4
:10986000EBFA0420F9F7E2FC20B1EFF3108072B6B6
:10987000FEE700BF02B080BD4EF68850CEF2000079
:10988000016841F4700101607047000010B542F6B4
:109890001044C4F201042068000607D42068C00503
:1098A00010D4BDE81040FBF787BC00BF6FF080000C
:1098B000206040F63840C2F20000FCF743F920680F
:1098C000C005EED56FF4807044F8100940F63840BA
:1098D000C2F200002146FCF75BF9BDE81040FBF73F
:1098E0006BBC000042F6104140F63840C4F2010162
:1098F0006FF00102C2F200000A60FDF7E3BE000053
:109900007047000042F2C400C2F200004088B0FA82
:1099100080F040097047000080B50020F8F7F8FBA0
:1099200040F63430C2F2000080210022BDE88040C1
:10993000FAF72CBE80B50020F8F734FC42F28C1008
:1099400040F69C22C2F20000C2F20002016892F8C6
:109950002920013101602AB140F69C20C2F20000AA
:10996000FBF710F8002080BD10B5044644F2A85063
:10997000C2F2000050F82400FDF720FE2046F8F760
:10998000C7FB4FF4C86000F02BFA40F6343104EB0B
:109990004400C2F2000101EB00100821417010BD2B
:1099A0002DE9F04182B040F634340020C2F20004C8
:1099B000ADF806002046FAF7F7FD054640F218100C
:1099C000C2F200000DF10601F8F70EF941F6D87069
:1099D000C2F200000068FCF76BF8FBF7A5FB20461D
:1099E000FAF7E4FD10B10A200AE000BF40F6343473
:1099F000C2F200042046FAF719FE28B114E000BFB5
:109A0000607002B0BDE8F08160781428F9D8DFE812
:109A100000F00F0D250D0D0D5B0D710D0B770D0D6C
:109A20000D0D81C10D0DDB000B20E9E7E9E700BF5B
:109A3000207800F0FD000128E3D144F2A855C2F2DD
:109A40000005286890F87F10002900F01981012195
:109A5000A0F86010FCF75AF8E4E000BF2078052871
:109A600000F0B58040F6A810C2F20000857BF7F741
:109A7000C5FF002D08BF002800F0DE8044F2A85585
:109A8000C2F200052868FDF799FD41F6E476C2F2BE
:109A900000063068FFF7F2F830680321FFF774F929
:109AA000306840F21811C2F20001FFF771F900208E
:109AB000F8F72EFB28680021FDF742FE4FF4C8603E
:109AC00000F08EF914209BE72078052800F07F80B5
:109AD00040F63430C2F20000FAF7D8FCE81E10F16C
:109AE000030F00F2BB800020F8F7DAFA02B0BDE8FD
:109AF000F08100BF00F07AF900283FF482AF03E064
:109B0000207802287FF47DAF0020208002B0BDE8DD
:109B1000F08100BF2078052859D0FFF7F3FE002818
:109B20003FF46FAF42F26816C2F2000696F82100C9
:109B3000002800F0B38044F2A858C2F20008D8F818
:109B40000000FDF73BFD41F6E4770121C2F200077A
:109B5000386886F8201041F67861C2F20001FFF7FC
:109B600017F940F21810C2F20000F8F759F8002077
:109B7000F8F7CEFA40F6A810C2F20000807B002869
:109B800000F09880681E012800F29C80FBF7DCFA48
:109B9000ACE000BF2078052819D044F2A855C2F2E5
:109BA000000528680121FBF7B1FF00283FF429AF29
:109BB0002078032836D100200025F8F7A9FA25805F
:109BC00002B0BDE8F08100BF2078052806D1002052
:109BD000FFF7CAFE02B0BDE8F08100BF00F006F951
:109BE00000283FF40EAF40F21810C2F20000F8F760
:109BF00017F844F2A850C2F200000068FDF702FD19
:109C00000020F8F719FC41F6E470C2F20000006889
:109C1000FFF790F82046FAF739FC0020F8F740FAF1
:109C20000620EDE628680021FDF78AFD282000F0D7
:109C3000D1F81020E4E600BF41F6E470C2F2000063
:109C40000068FEF7F1FF42F26811C2F20001002243
:109C50008A81C88102B0BDE8F08100BF41F678601A
:109C6000C2F2000001A900F0BDFA44F2A050C2F215
:109C700000000068FBF784FD02B0BDE8F08100BF82
:109C800042F26811C2F2000191F821100029CAD0F5
:109C90000021FBF73BFF1120B2E600BF00200025AA
:109CA000F8F736FA012086F82100657002B0BDE8A9
:109CB000F08100BF40F6A810C2F20000F7F7BCFE2A
:109CC00002211AE038680321FFF75EF8386840F295
:109CD0001811C2F20001FFF75BF80020F8F7ACFBA7
:109CE0000020F8F7DDF93868FFF724F840F6343043
:109CF000C2F20000FAF7CAFB0621D8F80000617032
:109D0000FCF72EF802B0BDE8F081000042F2C4007A
:109D1000C2F20000007801280CBF0020704700F05C
:109D200001B80000F0B581B044F2A8570446C2F271
:109D3000000728B13868FBF70FFF014621E000BF9C
:109D400041F62C60C2F20000418941F63C60C2F24B
:109D50000000FBF7EFFB396805460846FBF7FCFE01
:109D600041F66861C2F200014989064640F2B4003A
:109D7000C2F20000FEF7E6FE284300F00E0040EAC3
:109D8000060140F6343204EB4400C2F2000202EB5A
:109D900000154FF6FF7081EA00022846FAF7F6FB3D
:109DA0002846FAF709FC98B144F29850C2F2000034
:109DB00050F8240000281CBF0021C17357F824006C
:109DC000FBF7CCFF204601B0BDE8F040F8F7A0B9A2
:109DD00001B0F0BD42F2C401C2F2000148807047F8
:109DE00042F2C401C2F200018880704742F2C4000E
:109DF000C2F200008088B0FA80F04009704700008D
:109E000010B54468D0F80CC04CF2EC30C0F600003D
:109E100010F80C0050F804C000EB040E2CF0010305
:109E20000351CEF80C10DEF804104FF6FF7399437F
:109E30001144CEF80410015941F00101015110BD47
:109E4000D0F808C000694CF2EC33C0F60003185C8F
:109E500050F80C30DB0718BF70476044C1604168A0
:109E60004FF6FF73994311444160016841F00101CD
:109E7000016070470068102101620FE050E8001F88
:109E800041F0100140E80012002A08BF704750E876
:109E9000001F41F0100140E8001272B150E8001FAD
:109EA00041F0100140E800123AB150E8001F41F0C3
:109EB000100140E80012002AE0D1704780B5016827
:109EC000083100BF51E8002F42F0010241E80023B1
:109ED000ABB151E8002F42F0010241E8002373B119
:109EE00051E8002F42F0010241E800233BB151E864
:109EF000002F42F0010241E80023002BE2D1C168AB
:109F00004CF2EC3CC0F6000CD0E9002E1CF801101D
:109F100002F1240371448B6040211162083200BFBA
:109F200052E8001F41F0400142E80013ABB152E893
:109F3000001F41F0400142E8001373B152E8001FD6
:109F400041F0400142E800133BB152E8001F41F0EC
:109F5000400142E80013002BE2D102684021116267
:109F600052E8001F41F0400142E80013ABB152E853
:109F7000001F41F0400142E8001373B152E8001F96
:109F800041F0400142E800133BB152E8001F41F0AC
:109F9000400142E80013002BE2D1016801F1080200
:109FA00052E8001F41F0800142E80013ABB152E8D3
:109FB000001F41F0800142E8001373B152E8001F16
:109FC00041F0800142E800133BB152E8001F41F02C
:109FD000800142E80013002BE2D102690168806829
:109FE0001CF8022001F1280310448360402008621D
:109FF00080BD0000B0B543F61C05C4F20105286819
:10A000001C244006C4F202040BD5206820F0010095
:10A0100020604020686041F6B060C2F20000F6F7B0
:10A0200099FB286829682A68490855F8143C41EAD0
:10A03000D00040EA92001840C00743F6000143F602
:10A040000800C4F20101C4F201003CD00E226A6093
:10A0500050E8002F22F0010240E80023B3B150E89D
:10A06000002F22F0010240E800237BB150E8002FCE
:10A0700022F0010240E8002343B150E8002F22F013
:10A08000010240E80023002BE2D100BF51E8002F7D
:10A0900042F0100241E80023ABB151E8002F42F03A
:10A0A000100241E8002373B151E8002F42F0100282
:10A0B00041E800233BB151E8002F42F0100241E893
:10A0C0000023002BE2D12A6855F81C3C1A40D20626
:10A0D00058BFB0BD51E8002F22F0100241E8002324
:10A0E000B3B151E8002F22F0100241E800237BB108
:10A0F00051E8002F22F0100241E8002343B151E85B
:10A10000002F22F0100241E80023002BE2D100BF13
:10A1100050E8001F41F0010140E800125AB350E836
:10A12000001F41F0010140E8001222B350E8001F77
:10A1300041F0010140E80012EAB150E8001F41F08F
:10A14000010140E80012002AE2D114E050E8001FAB
:10A1500021F0400140E80012AAB150E8001F21F0B0
:10A16000400140E8001272B150E8001F21F04001A8
:10A1700040E800123AB150E8001F21F0400140E8E9
:10A180000012002AE2D1A96850E8001F41F0400106
:10A1900040E80012AAB150E8001F41F0400140E839
:10A1A000001272B150E8001F41F0400140E8001277
:10A1B0003AB150E8001F41F0400140E80012002A87
:10A1C000E2D1022141F6B060C2F2000044F8181C4E
:10A1D000BDE8B040F6F716BBC18840884843000C84
:10A1E00070470000B0B50246008D02281CD3D2E9AA
:10A1F0000803B2F81AE018444FEA204CD5695478A5
:10A200000CFB0EF303EB830365435B0093FBF5F359
:10A210005062000CD0810B80108D93810138108525
:10A2200092F82D00B8B921E0012819D1508DD369D9
:10A2300008809081B1F90000558B584305EB8503E8
:10A240005B0090FBF3F053785843D08100201085D9
:10A2500092F82D0050B11046BDE8B040FEF7B8BCF2
:10A260009089088092F82D000028F4D1D178002040
:10A270001170B0BD024690F8330018B10B8818B2C7
:10A2800093807047B0B5B2F90EE05378108E9EFB04
:10A29000F3FCD48800EB0E0304EB0C0092F82C4086
:10A2A0001386D080D4B3B2F82EC0BCF1000F23D0F7
:10A2B000ACF10100D085B1F800C0BEF1FF3FA3EBC7
:10A2C0000C01C8BFACEB0301B2F9364011FB00F042
:10A2D0000DB290FBF4F1BEF1FF3FD8BF4942002D13
:10A2E00016D40120ACEB010382F83200BDE8B04087
:10A2F00018B29380704700BF0B88012082F82D00B0
:10A3000000201070BDE8B04018B29380704700BFC5
:10A3100092F83200002818BF0CEB0103BDE8B040F2
:10A3200018B2938070470000C28E00214160C16066
:10A3300041820170C0E90811018501638185C285F0
:10A3400070470000FFF7F0BF018681807047000072
:10A3500090F82C30002B18BF70476AB3838E5A4395
:10A3600044F6D353C1F26203A2FB03239A090123EB
:10A3700013FA82F2C3891FFA82FC028594451AB24D
:10A3800016D110B5438BD0F81CE003EB830344785F
:10A390000EFB01FE5B009EFBF3FE92FBF4F3AEEBC3
:10A3A00003031B0493FBFCF363430362BDE810400B
:10A3B0004185110441627047438BC26903EB8303FB
:10A3C0004A435B0092FBF3F2437881815A43C28196
:10A3D000002202854185704710B582B0018847F29E
:10A3E00001028A1A1F2A00F25781017990ED010AB1
:10A3F0000FF20A0000EB82030320DFE812F02300D3
:10A40000450075004D01510157019F004D014D015F
:10A41000C900F3004D014D014D014D010D018101B8
:10A420004D014D018B014D01A501BF011701210017
:10A4300021002100210009013901DD01430100BF94
:10A4400002B010BD012900F22E8142F2FC00C2F2DE
:10A4500000000078042800F0D781032800F0E6818E
:10A46000012840F0D58040F60850C2F2000090F874
:10A47000542001F0010102F0FB0242EA810180F860
:10A480005410002002B010BDB5EE400AF1EE10FAF3
:10A490004FF00200D4DB9FEDD51AB4EE410AF1EE85
:10A4A00010FACDDC42F2FC00C2F200000078042871
:10A4B00000F0CE81032800F0D981012840F0A88067
:10A4C000B2EE041A20EE010ABDEEC00A40F60851B1
:10A4D00010EE100AC2F20001A1F84E00A1F85000DF
:10A4E000002002B010BD00BFB5EE400AF1EE10FA38
:10A4F0004FF00200A4DB9FEDEE1AB4EE410AF1EE3C
:10A5000010FA9DDC42F2FC00C2F200000078042840
:10A5100000F0BE81032800F0CD81012878D19FEDA5
:10A52000ED1A40F6085020EE010ABDEEC00AC2F254
:10A53000000080ED120A002002B010BDBBEE071A29
:10A54000B4EE410AF1EE10FA4FF00200FFF678AFD8
:10A55000B3EE071AB4EE410AF1EE10FA3FF770AF0E
:10A5600042F2FC00C2F200000078032850D19FEDB7
:10A57000EE1A40F2CC0120EE010ABDEEC00A10EE48
:10A58000100AC2F20001A1F84600002002B010BD7E
:10A59000BBEE0E1AB4EE410AF1EE10FA4FF00200D3
:10A5A000FFF64EAFB3EE0E1AB4EE410AF1EE10FA1A
:10A5B0003FF746AF42F2FC00C2F2000000780428E8
:10A5C00026D19FEDDA1A41F6A05120EE010ABDEE28
:10A5D000C00A10EE100AC2F20001A1F842000020E9
:10A5E00002B010BDB5EE400AF1EE10FA4FF00200D5
:10A5F000FFF626AFB2EE081AB4EE410AF1EE10FAF9
:10A600003FF71EAF44F26050C2F2000080ED030A33
:10A61000002002B010BD00BF44F26050C2F2000042
:10A6200080ED040A002002B010BD00BFB5EE400A64
:10A63000F1EE10FA4FF00200FFF602AFB3EE071A88
:10A64000B4EE410AF1EE10FA3FF7FAAE9FEDD71AD9
:10A6500040F6D03120EE010ABDEEC00A10EE100A1D
:10A66000C2F2000188824042C882002002B010BDC0
:10A6700044F26050C2F2000080ED0B0A002002B0EC
:10A6800010BD00BF44F26050C2F2000080ED0D0A20
:10A69000002002B010BD00BF012002B010BD00BFFD
:10A6A000072940F29380022002B010BDBBEE071ACA
:10A6B000B4EE410AF1EE10FA4FF00200FFF6C0AE20
:10A6C000B3EE071AB4EE410AF1EE10FA3FF7B8AE56
:10A6D00042F2FC00C2F200000078032898D19FEDFE
:10A6E000B31A40F2CC0120EE010ABDEEC00A10EE12
:10A6F000100AC2F20001A1F84200002002B010BD11
:10A7000044F26050C2F2000080ED050A002002B061
:10A7100010BD00BFB5EE400AF1EE10FA4FF0020096
:10A72000FFF68EAEB7EE001AB4EE410AF1EE10FA63
:10A730003FF786AE44F26050C2F2000080ED060A98
:10A74000002002B010BD00BF8DED010A01A8BAEED5
:10A75000090AF2EE090A00F0A3F99DED010A9FED46
:10A76000951A40F6085020EE010ABDEEC00AC2F26A
:10A77000000080ED0F0A002002B010BD8DED010A2F
:10A7800001A8BBEE0E0AF3EE0E0A00F089F99DED6A
:10A79000010A9FED871A40F6085120EE010AC2F225
:10A7A0000001BDEEC00A896B10EE100A41F21802DA
:10A7B0008850002002B010BD44F26050C2F2000088
:10A7C00080ED0C0A002002B010BD00BF44F26050C2
:10A7D000C2F20000017007294FF000003FF630AED2
:10A7E000DFE801F008847A8E980606A600007A4415
:10A7F00026E600BF40F20C00C2F200000621017004
:10A80000002002B010BD00BF41F6A050C2F200000F
:10A8100090F8482001F0010102F0FB0242EA8101B8
:10A8200080F84810002002B010BD00BF40F2CC00FC
:10A83000C2F2000090F84A2001F0010102F0FB0290
:10A8400042EA810180F84A10002002B010BD00BF2A
:10A85000B2EE041A20EE010ABDEEC00A41F6A05184
:10A8600010EE100AC2F200010CE000BFB2EE041AB2
:10A8700020EE010ABDEEC00A40F2CC0110EE100A33
:10A88000C2F2000148878887002002B010BD00BFD7
:10A890009FED491A41F6A05120EE010ABDEEC00A13
:10A8A00010EE100AC2F20001C887002002B010BDED
:10A8B0000000C8429FED3D1A40F2CC0120EE010A93
:10A8C000BDEEC00A10EE100AC2F20001C8870020D7
:10A8D00002B010BDB358B74740F20C00C2F20000FE
:10A8E00004210170002002B010BD00BF40F20C0036
:10A8F000C2F2000001210170002002B010BD00BFB3
:10A9000040F20C00C2F2000003210170002002B0EE
:10A9100010BD00BF40F20C00C2F200000721017020
:10A92000002002B010BD00BF00E0B544E02E65413C
:10A9300040F20C01C2F20001052210EE104A0A702A
:10A940004FF47F41200E01EA14210844BBEE0E0AA9
:10A95000F3EE0E0A102101F0CFF904F47F40B0F5B8
:10A96000807F15D140F234009FED131AC2F200002F
:10A9700090F83A1020EE010A41F00101BDEEC00A44
:10A9800080F83A1010EE101AC186002002B010BDF7
:10A9900040F23401C2F2000191F83A0000F0FE00EA
:10A9A00081F83A000020C88602B010BD00E0B5442E
:10A9B0002FBFBB42B358B747E02E65414EF60C504F
:10A9C000BFF34F8FCEF200000168042201F4E06172
:10A9D000C0F2FA5211430160BFF34F8F00BF00BFB6
:10A9E00000BF00BFFAE70000B4EE410AF1EE10FA32
:10A9F000B0EE412A08DCB4EE600AB0EE402AF1EE77
:10AA000010FAB8BFB0EE602A4FF0FF3101FA00F043
:10AA1000C04331EE600A32EE601A02EE100AB8EE60
:10AA2000C22A21EE021A81EE000ABDEEC00A10EE23
:10AA3000100A704710B501214FF000424FF08043DB
:10AA40004FF0005C4FF0805E002848BF404200BFDE
:10AA500022FA01F4A04211D223FA01F4A04213D247
:10AA60002CFA01F4A04215D21C2901F1040404D8E7
:10AA70002EFA01F188422146EAD3611E481E0121C7
:10AA800001FA00F010BD00BF0131481E012101FA9A
:10AA900000F010BD0231481E012101FA00F010BD86
:10AAA00090ED001AB4EE601AF1EE10FAB8BFF0EEB5
:10AAB000410AF4EE400AF1EE10FAC8BFB0EE600AA7
:10AAC00080ED000A70470000A4B040F6000441F297
:10AAD0004C0B43F61C0AC4F60004C4F2020BC4F289
:10AAE000010AF8F78BFBFEF7F5FD4FF00008CDF8F3
:10AAF0004080DBF800004FF4005240F00400CBF837
:10AB00000000DBF800004FF4804500F004001790CF
:10AB10001798DBF80000802140F00100CBF800001E
:10AB2000DBF800000BAE00F0010017901798DBF87F
:10AB300000004FF0010940F00200CBF80000DBF804
:10AB400000004FF4004700F0020017901798DBF860
:10AB5000000040F01000CBF80000DBF8000000F02F
:10AB60001000179017984FF40040A261A561A061F2
:10AB700041F21800C4F600000160204631460B92F5
:10AB8000CDE90C98CDE90E88F8F754FE2046314601
:10AB9000CDE90B59CDE90D88CDF83C90F8F74AFE88
:10ABA0000120CDE90C08CDE90E80204631460B97F7
:10ABB0004FF00109F8F73EFE802004F50067CDE96B
:10ABC0000B0938463146CDE90D88CDF83C80019718
:10ABD000F8F730FE38463146CDE90B58CDF83C90B9
:10ABE000F8F728FE5BF8040C17AE40F004004BF8B1
:10ABF000040C5BF8040C314600F004000B900B9839
:10AC00005BF8040C032740F001004BF8040C5BF8E0
:10AC1000040C00F001000B900B98CDE90788CDE9FA
:10AC20001B88CDE91988DBF83C0069F31D70CBF86F
:10AC30003C00DBF8000040F40050CBF80000DBF8EB
:10AC4000000000F400500B900B98DBF8000040F07F
:10AC50000400CBF80000DBF8000000F004000B90CB
:10AC60000B98DBF8000040F00100CBF80000DBF8A7
:10AC7000000000F001000B900B9803201890204674
:10AC8000CDF85C90CDF86C80F8F7D4FD0220CDE9CA
:10AC9000170720463146CDF86C80F8F7CBFD04202D
:10ACA00017902046314604251897CDF86C80F8F7A8
:10ACB000C1FD4FF090403146CDE91797CDF86C803B
:10ACC000F8F7B8FD4FF090403146CDE9175703250E
:10ACD000CDF86C80F8F7AEFD4FF4004602A94FF0B6
:10ACE000A040CDF80880CDE90368F8F765FD0BA911
:10ACF0004FF0A040CDE90B85CDE90D88CDE90F8857
:10AD0000F8F76EFD1427C5F20007D7F8AC0043F63C
:10AD1000FF718843C7F8AC0057F8040C4FF6FC31BC
:10AD200020F4803047F8040C57F8040CCFF6FF717C
:10AD3000084047F8040C07F53B7005A9CDE90588E4
:10AD4000F8F7EEFC8020CDE91F081FA94FF0A040C6
:10AD5000CDE92188F8F70CFD57F8080C4FF6FF7184
:10AD6000C7F6DF71084000F1004047F8080CB86BE7
:10AD7000012161F3C810B86357F80C0C4FF6C0728C
:10AD8000C5F6FF72104047F80C0C57F80C0C02F196
:10AD9000805900EA090000F1805047F80C0CB86BAC
:10ADA000032363F34D20B8633868082261F34B2016
:10ADB0003860D7F89C00012520F00800C7F89C00F7
:10ADC000F86961F38A10F8613868042161F3C500FD
:10ADD0003860D7F89C0020F00200C7F89C00F869A2
:10ADE00062F31030F861386861F31A603860D7F8A0
:10ADF0009C00062120F48070C7F89C00F86961F37C
:10AE00009640F8613868072120F4E0103860D7F8E0
:10AE10009C0020F04000C7F89C00F86961F31C60BA
:10AE2000F861386817A920F460003860D7F89C00F2
:10AE300020F08000C7F89C00CDF82C80CDE91B885D
:10AE4000CDE91988DBF83C0065F31D70CBF83C00B8
:10AE5000DBF8000040F40050CBF80000DBF8000005
:10AE600000F4005005900598DBF8000040F0010068
:10AE7000CBF80000DBF8000000F001000590059819
:10AE80004020CDE917034FF09040CDF86C80F8F7E3
:10AE9000D1FCCDE91F8607F1EC061FA93046CDF89D
:10AEA0008480F8F789FC0BA93046CDE90C88CDE900
:10AEB0000E88CDF84080F8F793FCD7F8AC014FF638
:10AEC000FC316FF30D00C7F8AC01D7F8FC00CFF6EA
:10AED000FF7120F48030C7F8FC00D7F8FC00084070
:10AEE000C7F8FC008020CDE9050805A93046CDE96A
:10AEF0000788F8F73DFCD7F8F8004FF6FF71C7F662
:10AF0000DF71084000F10040C7F8F800D7F83801B9
:10AF10004FF6C07165F3C810C7F83801D7F8F400D0
:10AF2000C5F6FF710840C7F8F400D7F8F400032114
:10AF300000EA090000F18050C7F8F400D7F83801A2
:10AF40000DF15C0961F34D20C7F83801D7F8000115
:10AF5000082665F34B20C7F80001D7F89C010225AD
:10AF600020F00800C7F89C015BF8040C012740F0B2
:10AF700008004BF8040C5BF8040C494600F008008C
:10AF80000B900B98DBF83C0020F44030CBF83C00F1
:10AF9000DBF8000040F00400CBF80000DBF8000014
:10AFA00000F004000B900B984FF48070179020462F
:10AFB000CDE91858CDE91A781C96F8F73BFC4FF408
:10AFC0000070CDE91705204649460225CDE91987CD
:10AFD000CDE91B86F8F72EFCDBF80C0047F60006DF
:10AFE00040F08040CBF80C00DBF80C00C4F2000607
:10AFF00000F080400B900B9840F20F60C4F25200BA
:10B00000CDE90C080BA93046CDF82C80CDE90E888F
:10B01000CDE91088F8F780FC706840F2FE7140F0CE
:10B0200000707060F06840F200378843F060F068AC
:10B03000C4F2010720F40040F060306820F40020E2
:10B040003060306820F4003030604FF60450CFF6A6
:10B05000FF7039580BAE41F480013950CDE90F88AB
:10B06000CDE90D88DBF80000314640F00100CBF857
:10B070000000DBF8000000F00100179017980B9516
:10B0800003254FF090400C95F8F7D4FB0420CDE950
:10B090000B054FF090403146CDF83C80F8F7CAFBE5
:10B0A0000820CDE90B054FF0904031464FF00309E1
:10B0B000CDF83C80F8F7BEFB17A93846CDE91788D4
:10B0C000CDE91988F8F764FCB8690BAE20F03800B8
:10B0D000B8613868314620F480703860386820F0F4
:10B0E00010003860CDE90F88CDE90D88DBF800004D
:10B0F00040F00100CBF80000DBF8000000F0010098
:10B1000017901798DBF8000040F00400CBF800001F
:10B11000DBF8000000F0040017901798DBF800003F
:10B1200040F00200CBF80000DBF8000000F0020065
:10B13000179017984020CDE90B094FF09040CDF8BB
:10B140003C80F8F777FB8020CDE90B094FF0904069
:10B150003146CDF83C80F8F76DFB2025204631467E
:10B16000CDE90B59CDF83C80F8F764FB0120CDE91F
:10B170000B09A4F580603146CDF83C800090F8F7CB
:10B1800059FB0820CDE91905381D17A9CDE9178805
:10B19000F8F7FEFBF869022120F03800F8617868C2
:10B1A000012620F480707860786820F010007860C4
:10B1B0003F20C1F20000CDF87C800E90DBF8140037
:10B1C00040F40060CBF81400DBF8140000F40060D9
:10B1D00017901798DBF8000040F01000CBF8000043
:10B1E000DBF8000000F01000179017984FF40040B3
:10B1F00005900120CDE908000198CDE906180A91D3
:10B2000005A9F8F717FB42F600474FF4A650C4F221
:10B210000107209521904FF480751FA93846CDE98C
:10B220002256F8F75DFE386817AE20F080003860CF
:10B23000B869012140F00800B8616020CDE9170825
:10B240004FF42660CDE91A0838463246CDF86480BE
:10B25000CDE91C88CDF87880F8F7C4FEB8691021D4
:10B2600020F00400B861B869324640F40060B8616B
:10B270003846F8F7B7FEB8694FF4807120F4806063
:10B28000B861F869324640F00800F8613846F8F7CE
:10B29000A9FEF8694FF4805120F00400F861F869C4
:10B2A000324640F40060F8617020179041F2BF40D0
:10B2B0001A903846F8F796FEF8694FF68F7120F429
:10B2C0008060F8617868CFF6FF5108407030786090
:10B2D00078684FF4006920F470007860B8680BA9B2
:10B2E00020F08000B860386E40F4007038664FF48B
:10B2F0008060CDE90C084FF400500F904FF480208F
:10B30000CDE910084FF0007013904FF44010CDE9D4
:10B3100014083846CDF82C90CDF84880CDF85880E8
:10B32000F8F790FDDBF8000005AE40F01000CBF818
:10B330000000DBF80000314600F010000290029897
:10B34000019F059502253846CDE90655CDE90885CA
:10B350000A95F8F76FFA4FF40070CDE90505384605
:10B360003146CDE90758CDE90955F8F763FA4FF4AE
:10B370008060CDE9050538463146CDE90758CDE96D
:10B380000955F8F757FA38463146CDE90595CDE924
:10B390000758CDE90955F8F74DFA4FF48050CDE93B
:10B3A000050538463146CDE90758CDE90955F8F786
:10B3B00041FA4FF40050CDE9050538463146CDE954
:10B3C0000758CDE909550225F8F734FACDF86C8015
:10B3D000CDE91988CDE91788DBF80C000BA940F0FE
:10B3E0000400CBF80C00DBF80C000BAE00F00400FE
:10B3F0000B900B98DBF8000040F00200CBF8000047
:10B40000DBF8000000F002000B900B98009F40203A
:10B4100081E8210138463146CDE90E881095F8F7CC
:10B4200009FA80200BA981E8210138463146CDE98F
:10B430000E881095F8F7FEF940F6180643F6FF70EF
:10B44000C4F20006CDE91908A6F1180017A9ADF855
:10B450005C80CDF86080F8F743FD56F8180C4FF685
:10B46000F87120F0800046F8180C56F8100CCFF652
:10B47000FE710840033046F8100C3068012161F37A
:10B480000100306030684FF00C0920F00C00306093
:10B490003068072769F307103060B06820F00A00B1
:10B4A000B060306861F30920306030684FF68F710A
:10B4B00020F4406030603068CFF6FF5169F30F3000
:10B4C0003060B06820F0A000B06056F8140C08405E
:10B4D00046F8140C56F8100C17A920F0800046F816
:10B4E000100CDBF83C0017AE20F00300CBF83C005A
:10B4F000DBF8140040F48040CBF81400DBF81400B3
:10B5000000F480400B900B98DBF8000040F0010045
:10B51000CBF80000DBF8000000F001000B900B9866
:10B520004FF4007081E821014FF090403146CDE9A1
:10B530001A881C97F8F77EF94FF4806017A981E804
:10B5400021014FF090403146CDE91A881C97F8F759
:10B5500071F90820C4F20200D0F8F817182262F33B
:10B560000701C0F8F81701684BF6EF72CFF6FF72CB
:10B57000114001600168192621F440510160016801
:10B5800021F020010160016821F0400101600168A3
:10B5900041F080010160016821F44071016001689F
:10B5A00021F44061016040F60401C4F202010B681D
:10B5B00066F307030B604169114010314161416935
:10B5C00021F440514161416921F02001416141690B
:10B5D00021F040014161416941F0800141614169CF
:10B5E00021F440714161416921F4406141614FF4AE
:10B5F000E110CDE90C08AAF11C000BA9CDF82C80B4
:10B60000CDE90E88CDE91098CDF84880F8F79AFE7C
:10B6100043F60800C4F2010050E8001F21F0604129
:10B6200040E800125AB350E8001F21F0604140E8A2
:10B63000001222B350E8001F21F0604140E80012E0
:10B64000EAB150E8001F21F0604140E80012002AF2
:10B65000E2D114E050E8001F21F0606140E80012E0
:10B66000AAB150E8001F21F0606140E8001272B1F9
:10B6700050E8001F21F0606140E800123AB150E844
:10B68000001F21F0606140E80012002AE2D15AF860
:10B690001C0C20F000504AF81C0C5AF8180C20F42E
:10B6A00090404AF8180C5AF8140C20F02A004AF876
:10B6B000140C5AF81C0C40F001004AF81C0C00BF96
:10B6C000DAF80000800244BFDAF800005FEA4020A8
:10B6D0001AD4DAF80000800244BFDAF800005FEA0A
:10B6E000402011D4DAF80000800244BFDAF80000EC
:10B6F0005FEA402008D4DAF80000800244BFDAF89C
:10B7000000005FEA4020DBD5DBF8140017AE40F400
:10B710008050CBF81400DBF814004FF0020800F45E
:10B7200080500B900B98DBF800004FF0030940F0BD
:10B730000100CBF80000DBF80000002500F001005C
:10B740000B900B98DBF80000314640F00200CBF87C
:10B750000000DBF800004FF0050B00F002000B903A
:10B760000B984FF4004017904FF09040CDF8608058
:10B77000CDF86490CDE91A55CDF870B0F8F75AF8C5
:10B78000009F082017A981E8010338463146CDE91A
:10B790001A55CDF870B0F8F74DF8102017A981E8C8
:10B7A000010338463146CDE91A55CDF870B0F8F7A7
:10B7B00041F84FF0200A38463146CDE917A8CDE9C7
:10B7C0001995CDE91B5BF8F735F84FF482700C90B2
:10B7D0004FF47060CDE90D054FF48020CDE9100ADB
:10B7E0000720149042F60040C4F20100012700F542
:10B7F00080600BA90B950F97CDE91255F8F7D6FA93
:10B8000043F20400C4F20100016821F0100101605C
:10B81000016821F008010160F9F76CFE40F618019B
:10B8200042F2580645F6E830C4F20001C2F20006C2
:10B830000144304640F8081F0A210622C0E901559C
:10B84000C560C0F80F50C0E90517C0E90712C0E98C
:10B850000917C0E90B77C0E90D57C563F7F792F8F0
:10B8600020B1EFF3108072B6FEE700BF4FF08048C2
:10B87000CDE90B85CDE90D57CDE90F5506F108054A
:10B880000BA92846F6F7D6FE20B1EFF3108072B66A
:10B89000FEE700BF2846F7F7EBF928460121002212
:10B8A0004FF001094FF0000AF6F7E0FD4EF60C5E8E
:10B8B000CEF2000EDEF800004FF0030CC0F30222BF
:10B8C00082F00703042B4FF0040028BF0346D71E65
:10B8D0004FF0FF3202FA03F338BF57462CEA030356
:10B8E000BB4002FA07F729EA07073B434EF20B4930
:10B8F0001F01CEF2000989F81A704EF20017CEF23D
:10B90000000720257D60DEF800500223C5F30225E4
:10B9100085F00701042928BF014602FA01F1033D21
:10B920002CEA010138BF5546A940090189F80010E9
:10B930004FF400613960DEF80010C1F3022181F09C
:10B940000705042D28BF0546033902FA05F538BF5F
:10B95000514620EA05058D4002FA01F101F001018E
:10B960002944102585EA011189F80D104FF08071E6
:10B970003960DEF8001089F80EA04FF000713960D0
:10B98000DEF80010C1F3022181F00705042D28BF65
:10B990000546033902FA05F538BF5146AB4303FAB1
:10B9A00001F1090189F807104FF480213960DEF8B0
:10B9B0000010C1F3022181F00703042B38BF1846A1
:10B9C00002FA00F003392CEA000038BF51468840E3
:10B9D000000189F81300C7F8008015200521012215
:10B9E000F7F77CFC1520F7F767FC4FF4005500BF14
:10B9F000F9F76EFAF7F7EEFB7168401AB0F57A7F47
:10BA0000F6D3F7F7E7FB31787060B1FA81F04009BF
:10BA100030702820002908BF18202550E8E70000D2
:10BA2000F0B581B01C210420C4F60001C0F2010071
:10BA30004FF0040EC1F80008C1F800E8C1F8000892
:10BA4000D1F800284FF0010C0092009A4FF001123B
:10BA50000A60C1F800C00A600B6802240093009BD2
:10BA6000831E0B600C600B600B6808240093009B26
:10BA7000031D0B600C600B600B6840250093009B5E
:10BA80000860C1F800E008600B684FF0800E00937A
:10BA9000009B00F17C030B60C1F800E00B600C68B8
:10BAA00020270094009C00F13C040C600D600C60A9
:10BAB0000E680096009E00F11C06C1F80068C1F8EF
:10BAC0000078C1F80068D1F80068FC300096009E4C
:10BAD000C1F80024C1F800C4C1F80024D1F8002442
:10BAE0000092009AC1F80044C1F80054C1F8004423
:10BAF000D1F800240092009AC1F80034C1F800E4A3
:10BB0000C1F80034D1F800144FF48132009100994B
:10BB100041F21C01C4F600014FF400730A600B608F
:10BB20000A600A684FF400630092009A4FF484326E
:10BB30000A600B600A600A684FF400430092009AA2
:10BB40004FF4C0320A600B600A600A684FF48063E9
:10BB50000092009A4FF482320A600B600A600A6811
:10BB60004FF400530092009A4FF490320A600B6039
:10BB70000A600A684FF480530092009A4FF48832AA
:10BB80000A600B600A600A680092009A4FF48072A3
:10BB900008600A60086008680090009801B0F0BD75
:10BBA00000294FF6FF7352D0B0B54CF6D40501F022
:10BBB000030C0429C0F6000528D321F0030100BFBF
:10BBC00010F8042B043982EA0302D2B235F81220AD
:10BBD00010F8034C82EA132383EA0403DBB235F83E
:10BBE000133010F8024C83EA122282EA0402D2B225
:10BBF00035F8122010F8014C82EA132383EA04037B
:10BC0000DBB235F8133083EA1223D9D1BCF1000F2F
:10BC10001BD001789AB25940C9B235F81110BCF165
:10BC2000010F81EA122310D04278DBB25A4035F876
:10BC300012E0BCF1020F8EEA112306D08078D9B24F
:10BC4000484035F8100080EA1E23BDE8B04098B2A5
:10BC500070470000B0F900007047000000687047AE
:10BC60000078704742F608424FF68F7CC4F201021A
:10BC7000CFF6FF5C13680CF1E871194010311160C8
:10BC800011684FF6F873CFF6FE73194041F2580071
:10BC90000631C4F20200116001680422C907C4F22F
:10BCA000000213D181B0016841F001010160016817
:10BCB00001F0010100910099116941F00101116148
:10BCC000016821F00101016001B07047106811683E
:10BCD000702301EA0C0141F0200111601169C0F2EA
:10BCE000002341F0010111611168184001EA0C01C3
:10BCF000084310607047000002EE100A4FF0FF305A
:10BD0000884030EEC01AB8EEC22AC04321EE021AB3
:10BD100002EE100AB8EEC22A81EE021A31EE000AD3
:10BD20007047000010B56FF0020CC0F810C093F817
:10BD300000E0BEF10F0F88BF10BD4FF0100E0EEBEC
:10BD4000021222F0100E002203E000BF1C78102C1B
:10BD50000DD20469A407F9D5013294B2A645C0F802
:10BD600010C0F3D81C780F2CF0D80120088010BD2B
:10BD70004100080218BF04200A0E18BF40F001005D
:10BD80004FF07F4232EA010108BF40F00200012873
:10BD900008BF05207047000070B54FF068422DEDD8
:10BDA000048BF0EE408A18EE900AB0EE608A18EE2E
:10BDB000101A02EB4003B3F1654F3CBF02EB4102A6
:10BDC000B2F1654F7DD200BFC0F3C753C1F3C75274
:10BDD0009A1A1B2A09DD10F0004F14BF9FED830A49
:10BDE0009FED830ABDEC048B70BD12F11A0F36DA99
:10BDF00011F0004F09D010F0004F0CBF9FED7D0AED
:10BE00009FED7D0ABDEC048B70BD88EE889A19EE1B
:10BE1000100AFFF7ADFF042808BF00F017F918EE6D
:10BE2000900AFFF7A5FF054618EE100AFFF7A0FFDE
:10BE3000044619EE100AFFF79BFF042D18BF052DCD
:10BE400008D1042C18BF052C04D1002804BF0220FF
:10BE5000F4F7E2FBB0EE490ABDEC048B70BD420082
:10BE6000B2EB410F3AD910F0004F19BFDFED630A72
:10BE70009FED630ADFED630A9FED630AB0EE481A97
:10BE80000A46B1EE688A80F00041F0EE418A104621
:10BE90000A1A5200B2F1807F34D2484010F0004FAD
:10BEA000DFED5A1A9FED5A2A1DBFBEEE001A70EE42
:10BEB000E10A30EE420AB6EE001A08BF70EEA10A9F
:10BEC00000E040E008BF30EE020AB0EE682A01EE62
:10BED000482A08EE818AC2EE081A15E011F0004FD8
:10BEE00004BF9FED4C0AF0EE400AD1D010F0004F95
:10BEF00019BFDFED490A9FED490ADFED490A9FEDC1
:10BF0000490AC5E7C8EE881A21EEA11A9FED462A14
:10BF1000DFED462A41EE022A9FED452A01EE222A54
:10BF2000DFED442A41EE022A9FED432ABDEC048B4B
:10BF300001EE222A21EE811A01EE020A30EE210AD8
:10BF400030EE200A70BD4FF07F42B2EB400F28BFA9
:10BF5000B2EB410F09D2F0EE480AB0EE680ABDEC30
:10BF6000048BBDE8704000F06DB840EA01035B004F
:10BF700008BF41F0FF410BD0B2EB400F08BFB2EB5E
:10BF8000410F08D120F0804008EE900A21F0804156
:10BF900008EE101A18E7B2EB400F12BF5FEA410338
:10BFA00040F0FF4001F000413FF40EAFB2EB410F13
:10BFB00012BF5FEA400200F0004041F0FF413FF451
:10BFC00003AF4A0092EA40033FF5FEAE002AACBF41
:10BFD0009FED1A0A9FED1A0A68EE808A28EE008A01
:10BFE00018EE900A18EE101AEEE60000DB0FC9BF3B
:10BFF000DB0FC93FDB0F4940DB0F49C00000C9BF61
:10C0000022AAFDB90000C93F22AAFD390060ED3E19
:10C01000C30ACE3700000000000049C022AA7DBA42
:10C020000000494022AA7D3A2DAD65BD8FB8D53DAF
:10C030000FB511BE61C84C3EA8AAAABE0000804F31
:10C040000000802F30EE200A704700009FED020AAA
:10C0500020EE000A704700000000001021F00042AE
:10C0600001F00043A2F16052B2F5801F28BFD2F167
:10C070007F6C0BD95FEA001C43EAC20242EB5070AE
:10C0800018BF704728BF20F001007047B2F5801F2D
:10C09000BCBF184670474FEA410C1CF5001F02D286
:10C0A000084600F089B970B500F0B4F800000089C6
:10C0B000FFF7F6BF4FF00040A0F58000704700008A
:10C0C00070B5DFF848C11CEA111E1EBF1CEA13152B
:10C0D0009EEA0C0F95EA0C0F00F06F8081EA0304D2
:10C0E0004EEAD47EAE4421EA4C1123EA4C1341F4CB
:10C0F000801143F48013AEF17F7EA1FB024CA0FBC4
:10C100000365361955EB0C05A1FB034C4CF10003FC
:10C11000A0FB021C16EB0C06654153F1000309421B
:10C1200018BF46F0010613F4007F0BD14FEA03312C
:10C130004FEA053041EA155140EA165034036FF0DA
:10C1400003020AE04FEAC3214FEAC52041EA5551F4
:10C1500040EA5650F4026FF0020202EB2E4201EB6D
:10C16000025585EACE710AD05FEA440C18BF24F06C
:10C17000004450F1000041F1000120EAD47040F287
:10C18000FE7C624500D270BDA84214BF4FF08044CF
:10C190004FF04044002E08BF0024BEF1806FA8BFBE
:10C1A000A1F1C041BDE8704080F2828001F1C04140
:10C1B00001F000414FF0000070470CEA13159EEAB1
:10C1C0000C0F18BF95EA0C0F06D081EA030E4FF052
:10C1D00000000EF0004170BD00F01CF88900013E27
:10C1E00000F007B800F009B84FEA430C5FEA5C5C66
:10C1F00008D081EA030100F05BB84FEA410C5FEA26
:10C200005C5CF6D102494FF0000070470000FF0768
:10C210000000F87F0EF1020E2EF0030E5EF8046BA4
:10C22000364205D4012A43EB030515F5001F12D849
:10C23000012841EB010C1CF5001F0CD80ED14FEA70
:10C24000D17C0CEB4C0C0CF1020C15F5001F08BF57
:10C250004CEBD37C04E04FF0080C01E04FEAD37CB8
:10C260000CEB4C0526FA05F606F00706B6F1040CB1
:10C2700006D20EEB860CBDE870404CF0010C604716
:10C28000DFE80CF0090B02024FF00041A1F500219C
:10C290004FF0000070BD19461046012851EB010413
:10C2A00018BFD4F5001484BF002001F0004170BD18
:10C2B0000808A0F500114FEA3101704743004FEA2A
:10C2C000D30C4FEA3C0C43401FBF40070CF16051B8
:10C2D00013F0FE4F70471CF0006F03D10CF00041CB
:10C2E000002070470CF0004343EA507040EACC0055
:10C2F00010B500F00EF800BF000000924FEA0001F8
:10C30000FFF7D6BF4FF00041A1F500214FF000002C
:10C3100070470EF1020E2EF0030E5EF8044B24421D
:10C3200004D44FEA4102B2F17F4F11D84FEA4003E3
:10C33000B3F17F4F0CD80ED14FEAD07C0CEB4C0CF4
:10C340000CF1020CB2F17F4F08BF4CEBD17C04E042
:10C350004FF0080C01E04FEAD17C0CEB4C0324FABF
:10C3600003F404F00704B4F1040C06D20EEB840CC1
:10C37000BDE810404CF0010C6047DFE80CF0070806
:10C3800002024FF00040A0F5800010BD08464200B8
:10C3900018BFD2F1807288BF00F0004010BDF1EEEE
:10C3A000100A4FF6FF71C0F2C03120EA010040F0E0
:10C3B0004070E1EE100A7047FF2141EAD050C005FD
:10C3C00070470000557A0008517C000899830008E6
:10C3D000D5840008000000000000000001020304F2
:10C3E000060708090000000001020304081C30448D
:10C3F000586C00020406080A0C0E070503010F0D15
:10C400000B09070503010F0D0B0900020406080ABA
:10C410000C0E0E0C0A0806040200090B0D0F010396
:10C420000507090B0D0F010305070E0C0A0806048A
:10C4300002000B090F0D030107050C0E080A040684
:10C4400000020C0E080A040600020B090F0D03017E
:10C450000705050701030D0F090B020006040A0872
:10C460000E0C020006040A080E0C050701030D0F4E
:10C47000090B01030507090B0D0F060402000E0C42
:10C480000A08060402000E0C0A0801030507090B3E
:10C490000D0F0F0D0B0907050301080A0C0E000212
:10C4A0000406080A0C0E000204060F0D0B0907050E
:10C4B00003010A080E0C020006040D0F090B050704
:10C4C00001030D0F090B050701030A080E0C0200FA
:10C4D0000604040600020C0E080A030107050B09F6
:10C4E0000F0D030107050B090F0D040600020C0ECA
:10C4F000080A45565350494E333247345F437962F8
:10C500006572476561725F616464456E636F6465FF
:10C5100072005354204D432053444B095665722EEC
:10C52000362E342E30000000A00F0000F414B44169
:10C530000000A0401800000003000001803E000041
:10C54000A00F000700840000000070413333534007
:10C55000AE47E13D0000000017B7513817B751381A
:10C560000000A04000000000000000004379626568
:10C5700072476561725F54657374000000000000CB
:10C580000000000045565350494E333247345F4354
:10C5900079626572476561725F616464456E636F5D
:10C5A00064657200002C014050C6000800000000C5
:10C5B000000000000000000000000000000000007B
:10C5C000000000000000000000000000000000006B
:10C5D0000000000000000000000000000006000055
:10C5E0000006000000060000000600000006000033
:10C5F0000006000000060000000600000006000023
:10C600000006000000060000000600004B012900A3
:10C61000BA00B200000000500000005000000050BE
:10C6200000000050000000500000005000010050C9
:10C6300000010050000100500001005000010050B6
:10C64000000100500000165D010000000001010023
:10C6500000030140000301400003014000030140CA
:10C6600000030140000301400403014004030140B2
:10C67000040301400403014004030140040301409A
:10C6800008000000000000000000000000000000A2
:10C690000000000008000000080000000800000082
:10C6A000080000000000000000000000080000007A
:10C6B0000000240348066A098C0CAB0FC812E2156F
:10C6C000F9180B1C1A1F2322282526281F2B112E90
:10C6D000FB30DF33BA368C39563C173FCE417A44B3
:10C6E0001C47B4493F4CBF4E33519B53F5554258FC
:10C6F000825AB35CD75EEB60F162E864CF66A668ED
:10C700006D6A236CC96D5E6FE2705472B573047507
:10C7100041766B77847889797C7A5C7B297CE37CB1
:10C72000897D1D7E9C7E097F617FA67FD87FF57FF6
:10C73000FF7FF57FD87FA67F617F097F9C7E1D7E6E
:10C74000897DE37C297C5C7B7C7A897984786B7732
:10C7500041760475B5735472E2705E6FC96D236CD7
:10C760006D6AA668CF66E864F162EB60D75EB35C81
:10C77000825A4258F5559B533351BF4E3F4CB449F2
:10C780001C477A44CE41173F563C8C39BA36DF33CA
:10C79000FB30112E1F2B2628282523221A1F0B1CA5
:10C7A000F918E215C812AB0F8C0C6A09480624036D
:10C7B0000000DCFCB8F996F674F355F038ED1EEA8B
:10C7C00007E7F5E3E6E0DDDDD8DADAD7E1D4EFD14B
:10C7D00005CF21CC46C974C6AAC3E9C032BE86BB08
:10C7E000E4B84CB6C1B341B1CDAE65AC0BAABEA79F
:10C7F0007EA54DA329A1159F0F9D189B31995A978E
:10C800009395DD933792A2901E8FAC8D4B8CFC8A52
:10C81000BF8995887C8777868485A484D7831D8388
:10C820007782E3816481F7809F805A8028800B8023
:10C8300001800B8028805A809F80F7806481E3818B
:10C8400077821D83D783A484848577867C879588A7
:10C85000BF89FC8A4B8CAC8D1E8FA2903792DD93E2
:10C8600093955A973199189B0F9D159F29A14DA318
:10C870007EA5BEA70BAA65ACCDAE41B1C1B34CB687
:10C88000E4B886BB32BEE9C0AAC374C646C921CC8F
:10C8900005CFEFD1E1D4DAD7D8DADDDDE6E0F5E394
:10C8A00007E71EEA38ED55F074F396F6B8F9DCFCAC
:10C8B0000000000074000020080D0020C4090020C2
:10C8C000CC000020A01D002034000020D80A002049
:10C8D000240A00200000C1C081C1400101C3C0037F
:10C8E000800241C201C6C006800741C70005C1C51C
:10C8F00081C4400401CCC00C800D41CD000FC1CFDC
:10C9000081CE400E000AC1CA81CB400B01C9C009CB
:10C91000800841C801D8C018801941D9001BC1DB6B
:10C9200081DA401A001EC1DE81DF401F01DDC01D1B
:10C93000801C41DC0014C1D481D5401501D7C0173B
:10C94000801641D601D2C012801341D30011C1D14B
:10C9500081D0401001F0C030803141F10033C1F38B
:10C9600081F240320036C1F681F7403701F5C0351B
:10C97000803441F4003CC1FC81FD403D01FFC03FDB
:10C98000803E41FE01FAC03A803B41FB0039C1F9CB
:10C9900081F840380028C1E881E9402901EBC02B2B
:10C9A000802A41EA01EEC02E802F41EF002DC1ED1B
:10C9B00081EC402C01E4C024802541E50027C1E73B
:10C9C00081E640260022C1E281E3402301E1C0214B
:10C9D000802041E001A0C060806141A10063C1A34B
:10C9E00081A240620066C1A681A7406701A5C0651B
:10C9F000806441A4006CC1AC81AD406D01AFC06FDB
:10CA0000806E41AE01AAC06A806B41AB0069C1A9CA
:10CA100081A840680078C1B881B9407901BBC07B6A
:10CA2000807A41BA01BEC07E807F41BF007DC1BD1A
:10CA300081BC407C01B4C074807541B50077C1B73A
:10CA400081B640760072C1B281B3407301B1C0714A
:10CA5000807041B00050C190819140510193C0530A
:10CA6000805241920196C056805741970055C1951A
:10CA700081944054019CC05C805D419D005FC19FDA
:10CA8000819E405E005AC19A819B405B0199C059CA
:10CA9000805841980188C04880494189004BC18B2A
:10CAA000818A404A004EC18E818F404F018DC04D1A
:10CAB000804C418C0044C184818540450187C0473A
:10CAC000804641860182C042804341830041C1814A
:10CAD0008180404000070E090B0C050201060F087B
:10CAE0000A0D04030001020304050607080C1014D4
:10CAF0001820304008000020000000007F000000E7
:10CB0000110000007F000000920100200080FFFF64
:10CB1000FF7F0000120000000000000096010020CE
:10CB2000FFFFFFFF01000000020000000100000005
:10CB3000A209002000000000FFFF00001300000019
:10CB400000000000A4090020000000000100000017
:10CB5000110000000000000094010020000000000F
:10CB6000FFFF0000130000000000000000000406AA
:10CB700001020A000000000098CB0008000000201D
:10CB8000F81F00003C020008E8CE0008F81F002053
:10CB9000F82B00009C020008321032013C0202FD1A
:10CBA0000822741420609A465F10A2705C10173837
:10CBB0000EAA2A1B478D63FE7F709CE1B853D5C433
:10CBC000F1FFFF340B42201319370220084BA9361E
:10CBD00024140D110A32141328C56A08404BA510FD
:10CBE0001C5A99080114AB890F1C63E803722716BD
:10CBF00078BB78BB0127A341FF7F987969581379E7
:10CC0000151B088D041A5904819AF50C414BD11457
:10CC10001013B0451520A00F021202B57614881328
:10CC20003A0FAFD123FD0225FFFF803E22010448C9
:10CC300030014029521109114E321002FF0401FF48
:10CC400001FF01FF01FF01FF01FF01FF011F25A0FF
:10CC50000FD63834B80B0F13340B14208D1C140866
:10CC6000F11E82088B5D1D0CC11A9128112201133F
:10CC700018011420600D422023D007E31027639091
:10CC8000361338C52A0860395412361B0879044116
:10CC90005A150801108B8935186960C1D3E8033330
:10CCA0005004197FB910720613B01E1420C4331B30
:10CCB00020EC041314341B201E04A1D20A292CC119
:10CCC00069B413A1541B08C50413AD531B08C90450
:10CCD0000114FA211823C8420324803F13380C8C16
:10CCE00020E81F7C13EC1D4C206821101A78941A40
:10CCF000DC202B48C5601A01FC9390012B09F3EB53
:10CD00006114C0FF1F124016E0FF7F018012101354
:10CD1000400CE20E09292CB4983A64230D11200826
:10CD2000F3EE3444CCBB40DB40062CD232236B1CE8
:10CD30001F95E3AE0152FEAE13800B520F124092CC
:10CD400006856DF39B3A13DD671408BD751408055D
:10CD5000761408A966140841771B0825104113C5ED
:10CD600071140885701408A172140849741B08A571
:10CD7000181ACD30011A031EC28F16FF3F80293FBB
:10CD80001A2A0231BA011A8A7F0463C01413A4C597
:10CD90001B088404131801021C20320A23CC0C3215
:10CDA0000E4B340B2C1311631B082D04410B14057F
:10CDB00062B44B7D611813B045EC20600D64120520
:10CDC00014E80302120203FF881301FF01FF01FFB1
:10CDD00001FF01FF01FF01FF01FF01FF01FF01FF53
:10CDE00001FF01FF01FF01FF012C5A410431420400
:10CDF0000316803E13340B4220136D951B087D04EF
:10CE0000C1DAD9104BE5941013B0451520A00F02DC
:10CE10001202120A032A881345A00F9A021008660C
:10CE2000FDD6382AC703725339A14324F42A500C83
:10CE3000B9755116B9E854D58323C18742322438D5
:10CE400001405A0204216201393C120153279B120E
:10CE50000F0210141AFD7E7DFFFF803E32F9A015EF
:10CE60009001B50E1408110F8C0825088713541E65
:10CE70001420AC31C2204BB032104B9C2108CBA403
:10CE800029204113BD9E1B0875041A01041A410490
:10CE900001113B0707341361BC1B0855041A5D04DC
:10CEA0002DA7258F0429132C3414205B455B200A01
:10CEB000E01A3E2A291429041A5818290499FC1149
:10CEC00019DB094B08011069688113280C142078BC
:10CED0000B1B20A40413EC1D200A2099B5DD39F4A6
:08CEE00014343A43C040000085
:04000005080001D915
:00000001FF
