:020000040800F2
:10000000F04B0020E5020008ED02000875350008FD
:10001000F1020008F3020008F502000800000000E9
:10002000000000000000000000000000F7020008CF
:10003000F902000800000000FB0200088596000895
:10004000FF020008FF020008FF020008FF0200088C
:10005000FF020008FF020008FF020008FF0200087C
:10006000FF020008FF020008FF020008FF0200086C
:10007000FF020008FF020008FF020008FF0200085C
:10008000FF02000800000000A1060008FF020008AF
:10009000FF020008BD1F0008FF020008FF02000861
:1000A00081980008D9980008FF020008FF020008A4
:1000B000FF020008FF020008F5980008FF02000890
:1000C000FF020008FF020008FF020008FF0200080C
:1000D000FF020008E99F0008FF020008FF02000875
:1000E000FF020008FF020008FF020008FF020008EC
:1000F000FF020008FF020008FF02000800000000E5
:1001000000000000FF02000800000000FF020008DD
:10011000FF02000800000000FF020008FF020008C4
:10012000FF020008FF020008FF020008FF020008AB
:10013000FF0200080000000000000000FF020008AD
:10014000FF020008FF02000800000000000000009D
:10015000000000000000000000000000000000009F
:10016000000000000000000000000000F91300087B
:10017000FF02000800000000000000000000000076
:1001800000000000FF020008000000000000000066
:10019000000000000000000000000000000000005F
:1001A0000000000000000000FF020008FF0200083D
:1001B000FF020008FF020008FF0200080000000024
:1001C00000000000FF020008000000000000000026
:1001D000FF020008FF02000800F002F800F072F8C9
:1001E00014A696E8000CB244B344DA4501D100F0FD
:1001F00069F8BAE80F000FA696E83000A5EB0405F1
:1002000004EB0607AAEB0704A7F101074FEA15154F
:100210004FEA3414A4F10104AC4201D300F052F8C7
:1002200013F0010F18BFFB1A43F0010300F001F8AF
:10023000DBE7184738C9000058C900000A444FF0EE
:10024000000C10F8013B13F0070408BF10F8014B35
:100250001D1108BF10F8015B641E05D010F8016B7A
:10026000641E01F8016BF9D113F0080F1EBF10F8DE
:10027000014BAD1C0C1B09D16D1E58BF01F801CB01
:10028000FAD505E014F8016B01F8016B6D1EF9D584
:100290009142D6D37047000070470000002300242D
:1002A00000250026103A28BF78C1FBD8520728BF86
:1002B00030C148BF0B6070471FB50CF06AF81FBD16
:1002C00010B510BD00F0B6F91146FFF7F5FF0AF0C2
:1002D000F5FB00F0D4F903B4FFF7F2FF03BC00F024
:1002E000D7F900000948804709480047FEE7FEE7C4
:1002F000FEE7FEE7FEE7FEE7FEE7FEE7FEE7FEE7D6
:1003000004480549054A064B704700006D980008EF
:10031000D9010008F0450020F04B0020F0470020F4
:10032000F047002053EA020C23D010B54C1084EAA9
:10033000530404D54042C1F1000138BF491E1B429D
:1003400004D55242C3F1000338BF5B1E00F0E7F84A
:1003500014F0804F04D04042C1F1000138BF491E63
:1003600014F0004F04D05242C3F1000338BF5B1EAB
:1003700010BD13B540424FF0000070EB0104B8BF50
:10038000012001F0004100281CBF6FF000414FF038
:10039000FF30AFF300801CBD032A40F2308010F024
:1003A000030C00F0158011F8013BBCF1020F624410
:1003B00098BF11F801CB00F8013B38BF11F8013BA1
:1003C000A2F1040298BF00F801CB38BF00F8013B4E
:1003D00011F0030300F02580083AC0F0088051F8BE
:1003E000043B083A51F804CBA0E80810F5E7121DC9
:1003F0005CBF51F8043B40F8043BAFF30080D207E8
:1004000024BF11F8013B11F801CB48BF11F8012BB3
:1004100024BF00F8013B00F801CB48BF00F8012BD6
:10042000704710B5203AC0F00B80B1E81850A0E832
:100430001850B1E81850A0E81850203ABFF4F5AFB2
:100440005FEA027C24BFB1E81850A0E8185044BF0E
:1004500018C918C0BDE810405FEA827C24BF51F87B
:10046000043B40F8043B08BF7047D20728BF31F86F
:10047000023B48BF11F8012B28BF20F8023B48BFC0
:1004800000F8012B70474FF000020429C0F01280E1
:1004900010F0030C00F01B80CCF1040CBCF1020F37
:1004A00018BF00F8012BA8BF20F8022BA1EB0C010C
:1004B00000F00DB85FEAC17C24BF00F8012B00F802
:1004C000012B48BF00F8012B70474FF0000200B528
:1004D000134694469646203922BFA0E80C50A0E867
:1004E0000C50B1F12001BFF4F7AF090728BFA0E815
:1004F0000C5048BF0CC05DF804EB890028BF40F8E1
:10050000042B08BF704748BF20F8022B11F0804F22
:1005100018BF00F8012B704770477047704753EAC7
:10052000020C00F069802DE9F04B4FF00006002B23
:100530001FBFB3FA83F503FA05F424FA05F65E400B
:1005400012BF1643B2FA82F502FA05F4C5F120058E
:100550001EBF22FA05FC44EA0C04203556EA044C7E
:100560004FEA144418BF641C4FF000084FF0000914
:10057000904271EB030C39D3002919BFB1FA81F70E
:1005800001FA07F6B0FA80F700FA07F6C7F120077C
:100590001EBF20FA07FC46EA0C062037B6FBF4FC27
:1005A000A7EB0507103F07F01F0BCBF120062CFA35
:1005B00006F60CFA0BFB44BFB3460026202FA4BF5F
:1005C0005E464FF0000B5BEA060C08BF4FF0010BD4
:1005D00019EB0B0948EB0608ABFB027C06FB02CCCF
:1005E0000BFB03CCC01B71EB0C01C1E70B460246B1
:1005F00041464846BDE8F08B13B5084318BF4FF09D
:10060000FF300146AFF30080BDE81C40704710B5D5
:1006100000F008F8006810BD10B5044600F002F8BC
:10062000046010BD00487047F81F00200048704764
:10063000F81F00207546FFF7F9FFAE460500694632
:10064000534620F00700854618B020B5FFF758FE46
:10065000BDE820404FF000064FF000074FF00008C3
:100660004FF0000BAC46ACE8C009ACE8C009ACE800
:10067000C009ACE8C00921F007018D46704710B5EC
:100680000446AFF300802046BDE81040FFF723BECC
:1006900001491820ABBEFEE72600020070470000AB
:1006A0004FF0A0404021016009F03EB910B504466A
:1006B00090F86500012819D0002818BF10BDE06926
:1006C0004CF2E632C1B2C0F60002515CC0F307231F
:1006D0005940515CC0F307435940515C81EA1061B5
:1006E000515C59B1042084F8620010BD002084F8E8
:1006F0006500012084F8610010BD00BF00F00F010B
:100700004A1F022AA16603D2012084F8610010BDAD
:1007100009290DD1C0F30B12002AA4F85C20F3D0F4
:10072000B4F85E00824207D9022084F8620010BD4E
:10073000012084F8620010BD94F86C30D4E9050102
:10074000D4F854C002EB4302E047012084F865006E
:1007500010BD000010B5044690F82400032807D10E
:1007600094F82E000021022884F8241007D01FE0FE
:10077000A16C00228A7194F82E1002290AD154F833
:10078000281F236B54F8140CA28824629847032076
:10079000A07110BD02280BD16069A36D04F1200186
:1007A0000422A1649847032084F8240010BD00BFF0
:1007B000EFF3108072B6636CE3B16069D4F858E06F
:1007C00019689A884FF0030CA36483F806C0F047B9
:1007D00094F83600022803D094F83E0002280DD188
:1007E00004F13000616C2044401A3830606462B615
:1007F00010BD00BF0020A06462B610BD0020606480
:1008000062B610BD80B503464FF0000E4069D3F8C4
:1008100054C003F11C01042283F865E0BDE8804068
:10082000604700002DE9F04381B00546044655F8C5
:100830001C0F002695F845200E80002A00F07C80D1
:1008400094F8642084F86160022A00F0A180012AF3
:1008500000F0E880002A40F09182A16E062900F0A5
:10086000A581052940F08A82E66994F86C10F0B2FF
:100870004FEAD019B1EBD01F484638BF002094F89A
:100880006D70C6F30521884684F86C008F4238BF2E
:10089000B84694F86E20C6F3863E84F86D8096457F
:1008A00098BF724694F86F30C6F3465C9C4584F856
:1008B0006E2098BF6346484584F86F3006D18F425A
:1008C00004D3964508BF9C4500F06A8294F87010E6
:1008D0004CF2E637090141EAC01040EA082040EA3C
:1008E000823040EA43514A1DD3B2C0F60007FB5C98
:1008F000C0F307205840385CC1F307435840385CC8
:10090000C1F3036148404CF6C821C0F60001085C01
:10091000214642EA007041F8200FEFF3108072B6D2
:10092000886A002800F0D68162B694F82400002876
:1009300040F0238208E200BF94F86200002800F033
:10094000F2804CF2E63280F00901C0F60002515C00
:1009500000EB00234840105C4CF6C821C0F60001B3
:10096000085C190241EA00700F30214641F8200F5F
:10097000EFF3108072B6886A002800F0C58062B676
:1009800094F82400002804BF022084F82400C4E066
:10099000A26E092A00F04481062A00F04D81052A42
:1009A00040F0EC81E36994F86C10D8B24FEAD019AA
:1009B000B1EBD01F484638BF002094F86D70C3F3E8
:1009C0000521884684F86C008F4238BFB84694F8F9
:1009D0006E20C3F3863C84F86D80944598BF6246D0
:1009E00094F86F60C3F3465EB64584F86E2098BFF6
:1009F0007646484584F86F6040F072818F42C0F0BF
:100A00006F8194454FF0000C08BFB64540F06A81F5
:100A100094F87010C3F30213591AB1FA81F14FEA36
:100A2000511C5FE1A16E062900F08280052940F08B
:100A3000A581E66994F86C10F0B24FEAD019B1EBD9
:100A4000D01F484638BF002094F86D70C6F30521CA
:100A5000884684F86C008F4238BFB84694F86E2000
:100A6000C6F3863E84F86D80964598BF724694F82A
:100A70006F30C6F3465C9C4584F86E2098BF634691
:100A8000484584F86F3006D18F4204D3964508BF9D
:100A90009C4500F07D8194F87010002784F8647004
:100AA000090141EAC01040EA082040EA823040EAE9
:100AB00043514A1D4CF2E637D3B2C0F60007FB5C47
:100AC000C0F307205840385CC1F307435840385CF6
:100AD000C1F3036148404CF6C821C0F60001085C30
:100AE000214642EA007041F8200FEFF3108072B601
:100AF000886A002800F0DA8062B694F824000028A2
:100B000040F03B8120E100BF032084F82400A16471
:100B100062B66069A36D042298476069216D002662
:100B200084F862608847304601B0BDE8F08300BFBA
:100B300094F8601094F8632001F0010102F00F02B4
:100B40008B011202C0F30F3743EA073342EAC111A7
:100B5000194401F136024CF2E636D3B2C0F6000673
:100B6000F35CC1F307215940715CC0F30740484072
:100B7000305C4CF6C82180EA1730C0F60001085CF2
:100B8000214642EA007041F8200FEFF3108072B660
:100B9000886A002800F0908062B694F8240000284B
:100BA00004BF022084F824008FE000BF94F8601096
:100BB00094F8632001F0010102F00F028B01120290
:100BC000C0F30F3743EA073342EAC11119448A1DC3
:100BD0004CF2E636D3B2C0F60006F35CC1F307214F
:100BE0005940715CC0F307404840305C4CF6C82166
:100BF00080EA1730C0F60001085C214642EA007026
:100C000041F8200FEFF3108072B6886A002800F0D8
:100C10009F8062B694F82400002840F0AE8093E0F4
:100C200094F86000B4F85C200130A66984F8600094
:100C300001200A802074A1E094F8601094F86320E9
:100C400001F0010102F00F028B011202C0F30F3715
:100C500043EA073342EAC111194401F136024CF26A
:100C6000E636D3B2C0F60006F35CC1F30721594063
:100C7000715CC0F307404840305C4CF6C82180EA04
:100C80001730C0F60001085C214642EA007041F8C6
:100C9000200FEFF3108072B6886A00285ED062B62B
:100CA00094F82400002868D14EE000BF032084F8A7
:100CB0002400A16462B65CE0032084F82400A164EF
:100CC00062B66069A36D04229847022084F864002C
:100CD00053E000BF032084F82400A16462B648E01A
:100CE0004FF0000C94F870104CF2E637090141EA1D
:100CF000C01040EA082040EA823040EA46514A1DCE
:100D0000D3B2C0F60007FB5CC0F307205840385C44
:100D1000C1F307435840385CC1F3036148404CF6C7
:100D2000C821C0F60001085C214642EA007041F883
:100D3000200F81F844C0EFF3108072B6886A98B132
:100D400062B694F82400C0B9022084F8240014E0AC
:100D5000032084F82400A16462B60AE0032084F82A
:100D60002400A16462B604E0032084F82400A16496
:100D700062B66069A36D0422984700266069636DBE
:100D8000294604229847304601B0BDE8F08300BFF1
:100D900094F87010C6F302178F427FF47CAE7FE6A2
:100DA00094F87010C6F302178F427FF48FAD2021A4
:100DB00001EB421701EB4811A7819F01A4F85E10D7
:100DC0000121E78184F8641080E5000070B5D2F855
:100DD00000C04CF2E6365FFA8CFEC0F6000616F84C
:100DE0000E40CCF307256540755DCCF307446540A4
:100DF000765DCCF303656E404CF6C825C0F6000561
:100E0000AE5D4CEA06761660EFF3108672B6866C1D
:100E1000C6B162B6F1B10A2926D0092920D1D0E99C
:100E200010C6DCF80010891A18BF0321002E08BF75
:100E3000C0F844C002208CF80600C8B2ACF80430F8
:100E400070BD00BF0A291FD0092923D1016C0326D8
:100E50008E7124E090F8241091B9022180F82410BA
:100E60000021C8B270BD00BF90F82E10012907D133
:100E7000022180F82E1083850021C8B270BD00BF0A
:100E80000321C8B270BD00BF032600F1280180F81D
:100E90002E6004E000F12001032680F824608164C4
:100EA00062B64169866D084611461A46B047002170
:100EB000C8B270BD0A2A0DD190F82E20012A84BF35
:100EC00000207047826A04320A60012280F82E20D6
:100ED0001046704790F83620022A0FD390F83E2033
:100EE000012A84BF0020704750F8383F01228271E8
:100EF0008060181D08601046704700BF50F8303FF2
:100F0000012282710061181D0860104670470000C0
:100F100010B590F864C0BCF1020F1CBF022010BDD8
:100F200090F86C4043EA021E8C46012C4CF804ED0C
:100F300002BF4FF6CA648C5202320A2B03D1017CE5
:100F400061B100210174111D1FFA81FE194662462C
:100F50007346BDE81040FFF739BF00BF012010BD48
:100F600010B504464069E16C88474FF0000C606999
:100F7000636DA4F864C004F11C01042284F860C00D
:100F8000BDE8104018470000B0B50446006803F003
:100F900049FB0B2828D006281CD0002866D194F8DD
:100FA0003C00C00762D0206803F0F8FA04285FD044
:100FB00003283DD0022807D120680021806A002242
:100FC000002509F0BFF925872068BDE8B04003F08F
:100FD00077BB00BF94F83C102068C90712D1BDE868
:100FE000B04003F081BB00BF94F83C1088073DD5AA
:100FF000206801F0FD0184F83C10BDE8B04003F02A
:10100000A9BA00BF03F0CAFA04281FD0032829D0C8
:1010100002282BD1E18E208F814227D02068628F59
:10102000806A09B209F08EF9E08E2087B0BD00BF5A
:101030002068B4F93610628F03F07EFAE08E2087C4
:101040002068BDE8B04003F03BBB00BF2068A18E24
:10105000C28A914208BFB0BD628F09B2BDE8B040FC
:1010600003F070BAE18E208F81420DD1B0BD00BF78
:101070002068B4F93410628F03F064FA2068BDE888
:10108000B04003F01DBB00BF2068628F09B203F0BF
:1010900053FAE08E2087B0BD0146006800228A879F
:1010A00003F022BB002180F83210818770470000D6
:1010B000F0B581B02DED088B8CB042F24C16C2F227
:1010C0000006B078002800F0E380306940F208079D
:1010D00000F0F851B1F1807FC2F200071CBF010A95
:1010E000B970C1B23C78FE2918BF8C4240F0D08064
:1010F000C0F30461122900F2C980BD78DFE801F075
:101100000A14C66C70786298C6C6C6C6C6C6C6C67D
:10111000C6C6BE0047F29050C1F6FF70D0E900018C
:10112000CDE90001200291E0B08ABAEE090A40BA86
:10113000F2EE090A10210AF0D9FDF08AB0EE408AD9
:1011400040BABBEE0E0AF3EE0E0A10210AF0CEFDF5
:10115000308B9FED52BADFED520AB0EE409A40BAA2
:10116000B0EE4B0A10210AF0C1FD708BB0EE40AA20
:1011700040BAF1EE040AB0EE4B0A10210AF0B6FDB7
:10118000B6F81100B0EE40BABAEE080AF2EE080A5C
:1011900010210AF0ABFD42F2FC00C2F20000007820
:1011A000062873D140F6D820C2F2000080ED0D8AE7
:1011B00080ED0E9A80ED0FAA80ED10BA80ED110A35
:1011C00064E000BF307D012860D144F2AC50C2F22F
:1011D00000000121017055E00120307052E000BF95
:1011E000307D00210128317004BF0120707049E07A
:1011F00040F6C412C2F2000240F20C00B2F85830BD
:10120000C2F200000221017043F00300A2F858006E
:1012100047F67120CBF6724000904FF6C010CFF623
:10122000FF70019045EA042000F1A0600FE000BFCC
:10123000000C387004F0B0FE47F29050C1F6FF7019
:10124000D0E900010191397800900802FE30039046
:101250004FF08040049000200590082107900890EE
:1012600009900A900B9042F260000691C2F20000D1
:1012700003A96A4601F07AF908E000BF06F11400FC
:1012800009F0A4F82846214600F00EF80020B070BE
:101290000CB0BDEC088B01B0F0BD00BF0000000039
:1012A0000000FA4300000000F0B58BB00D46074681
:1012B00003F06AFF42F24C1440F20C03C2F2000445
:1012C00040F2181642F2FC02C2F200032478C2F285
:1012D0000006C2F200021B78B6F87C101278002CCF
:1012E00018BF0124E403022B08BF4FF48044022AF4
:1012F0004FF4007200F0040302EA500245EA83133F
:1013000008BF4FF480441A4400F00800B1FA81F19C
:1013100096ED020A42EAC01049099FED351A40EAEB
:101320004130B8EEC00A051920EE010AFAEE090AAA
:10133000B2EE091A102009F051FBB6F90C1000BAF0
:1013400000EE101A9FED2B1A000CB8EEC00AADF893
:10135000000020EE010AFBEE0E0AB3EE0E1A10207A
:1013600009F03CFB00BA000CADF8020003F004FFEA
:1013700010EE100A0AF09CFF9FED1B0B53EC102B94
:101380000AF098FE0AF064FE00EE100AFAEE080A6F
:10139000B2EE081A102009F021FB010A8DF80500B1
:1013A0004FF47A40ADF80600F8B240EA052040F06C
:1013B000007002904FF080408DF8041003900020E0
:1013C00008210490CDE90510CDE90700CDE9090019
:1013D00042F26000C2F2000002A96A4601F0C6F8BB
:1013E0000BB0F0BD00BF00BF52B81E85EB511F40CF
:1013F000C3B8323735FA8E3D03F022BE80B586B0D1
:1014000003A9019105900598D0ED090A90ED0A0A0B
:101410000AF0BCFC019880ED010A90ED010AB5EEDE
:10142000400AF1EE10FA0ADAFFE7019890ED010A9E
:101430009FED101A30EE010A80ED000A02E00498D8
:101440000390FFE7019890ED000A9FED0B1A20EE44
:10145000010ABDEEC00A10EE100AADF80A000498A9
:101460000599C862039805990863BDF80A0006B09B
:1014700080BD00BFDB0FC940E0F82246028811FBA7
:1014800001F3524311FB313393429EBF080CC1EA72
:1014900000407047B0B5458811FB31F005FB05F3FE
:1014A000002948BF6D42984238BF0346A2EB0300B3
:1014B0004FEA014498BF0D1403F0ACF90146002C2B
:1014C00048BF4942A8B2BDE8B040C1EA00407047F9
:1014D00010B5044642F24C10C2F2000094F84A10D3
:1014E00042F24D120078C2F2000201F0FC011278C3
:1014F000084340EA4201206884F84A1003F092F859
:10150000A0F10A0102290BD3062819D010BB94F8C8
:101510004A00C0071ED02068BDE8104003F0D0B8D4
:1015200094F84A00800758BF10BD206803F012F8F5
:1015300094F84A0000F0FD0084F84A000AE000BF79
:1015400094F84A00C00705D12068BDE8104003F0B8
:10155000CBB800BF10BD000010B5044600680021E4
:10156000A4F84A1003F0C0F8206800210022BDE86A
:10157000104002F0E1BF0000002180F83210C0F8F6
:101580004210C0F84610A0F84A10704710B5044643
:1015900090F84A00410718D5A28F618F606B1346FF
:1015A000914238BF0B4688BF0A468283B4F8402078
:1015B000E18FC283228F01830021438380F836109C
:1015C000026007F009FF94F84A0000F0040100F0FF
:1015D000F702206842EA41030021002284F84A30E1
:1015E000BDE8104002F0AEBF10B50446006803F03D
:1015F00019F8062818BF10BD94F84A0041070BD40B
:10160000010739D4B4F84210B4F84420914218BF0D
:10161000A4F8441036E000BF00071CD4A28F618FED
:10162000606B1346914238BF0B4688BF0A468283DF
:10163000B4F84020E18FC283228F018300214383CD
:1016400080F83610026007F0C7FE94F84A0040F0B8
:10165000080084F84A00606B07F002FF616BA4F891
:10166000480091F837209AB1084606F0E7F978B1BA
:10167000206803F039F80BE0B4F84810A4F84210E1
:10168000A4F8441000F0F70084F84A00A4F84810C9
:10169000B4F84810B4F84620206841EA0241BDE899
:1016A000104002F0CDBF00008EB00C908DF82F10CE
:1016B000ADF82C20ADF82A309DF82F008DF81300DE
:1016C0004FF0FF3003909DF82F0028B1FFE79DF801
:1016D0002F00092825D1FFE7BDF92C004DF6F101B7
:1016E000CFF6FF7188421CDBFFE7BDF92C0042F208
:1016F0000F71884215DCFFE7BDF92C00012804DBDF
:10170000FFE700208DF8370084E0BDF92C00B0F130
:10171000FF3F04DCFFE709208DF837007AE0FFE7A0
:10172000FFE79DF82F0018B9FFE70920019004E0BA
:101730009DF82F0001380190FFE701988DF82700F0
:101740009DF82F008DF828009DF82F00092803D15F
:10175000FFE70020009004E09DF82F00013000908A
:10176000FFE700988DF8290000200290FFE702981B
:1017700002284ADCFFE7029A0DF12700805CC0EBEB
:101780000040BDF92C10084448F63961C3F6E30166
:10179000A0FB0110400808A921F81200BDF82A009A
:1017A000029A31F8121088420BDBFFE7BDF82A00DD
:1017B000029A08A931F81210401A05A941F822002E
:1017C0000AE0029A08A830F81200BDF82A10401A60
:1017D00005A941F82200FFE7029905A850F8210069
:1017E000039988420CD2FFE7029905A850F821001E
:1017F000039002990DF12700405C8DF81300FFE77C
:10180000FFE7029801300290B1E79DF813008DF8D0
:101810003700FFE79DF837000EB0704784B0ADF891
:101820000E00029100208DF807000090FFE700985D
:1018300009281CDCFFE7BDF80E000299009A31F878
:10184000121088420EDBFFE7BDF80E000299009AE5
:1018500001EB42014988884204DAFFE700988DF8DD
:10186000070004E0FFE7009801300090DFE7BDF8D3
:101870000E000299898A884204D1FFE709208DF879
:101880000700FFE79DF8070004B070472DE9F04717
:1018900041F63075C2F200056A6B696BE86AEF6960
:1018A00093B2BBB16A6AAE6AB24242F2E006C2F2D9
:1018B00000060CBFB260B2687478CCB13178BB1A44
:1018C00018BF0123012937D197421CBF0021317075
:1018D00032E000BF42F2E000C2F20000417801298C
:1018E00040F08480002141700220E862BDE8F0876A
:1018F000090C1944042303EB810141F23013B3FBBB
:10190000F1F743F22C43C2F20003013F07FB01371A
:10191000C6E90313974247D14FF48071318000210B
:10192000C6E90511EB612B6240F00200D31AC6E94B
:101930000112E86218BF01237269013272612F6BD4
:10194000BA424AD300220029726146D193B3D6E944
:101950000301726800EB0108A8F1010941F8042BAA
:10196000894531612DD341F6247A05F13807C2F259
:10197000000A0AE05AF820102046083788473169E3
:1019800041F8040B894531611AD37C683868032813
:10199000F0D1DAF80810204688473169043441F85C
:1019A000040B02203161E5E740F00400E862BDE885
:1019B000F08700BF012140F001003170E8620CE0C7
:1019C000F068E9684844884203D9D5F80880A868D7
:1019D0003061C5F81C80C5F82080706801307060E7
:1019E00038BFBDE8F087B0690130B061BDE8F0876D
:1019F00010B50446808988B101380104A0811CBF5C
:101A0000002010BDB4F91400217E90FBF1F1A06814
:101A100009B200F02BF90120A07310BD012010BD08
:101A200080E80E000121C1817047000010B5044616
:101A300040680021002208F085FCD4E90001B4F9D7
:101A400014204B780A8692FBF3F38A80CB80042122
:101A500007F094F920680021002207F017F92068A8
:101A6000B4F91210E28A07F011F9E08A218A48439A
:101A700044F6D351C1F26201A0FB0101012000EB49
:101A80009110A08110BD00002DE9F041026A0146CD
:101A900090F884C0106840F040001060D0684FF6A5
:101AA000FF7090819068C00709D19068C00704BF9B
:101AB00090685FEAC07002D19068C007F2D0D06829
:101AC000136880B223F0400313608A6E800802FB23
:101AD00000F3B1F97EE01A14A1F878000025BEF1F8
:101AE000000F48BFA5EB234291F88C384C78012BAE
:101AF00002FB04F31FD1B1F8882001279740074467
:101B0000013F174120FA02F617F47C4F08BFBDB21F
:101B100001F18A0706FA02F837F8155037F816600F
:101B2000A0EB0800AD1B10FB05F01041304403FA98
:101B300080F393FBF4F2C888CA80101A00B28A6856
:101B40008B800346BEF1000FD8BF5B421A448A6007
:101B500091F8862001EB8202906291F886000130B4
:101B600081F8860091F88600604505D30022BCF11B
:101B7000000F81F886202BD0ACF1010003280CF077
:101B8000030E03D20020002211E000BF0CF0FC0382
:101B90000020002201EB8007D7E90A65D7E90C474E
:101BA00032442A442244043083423A44F2D1BEF102
:101BB000000F0DD001EB8000836ABEF1010F1A44C3
:101BC00006D0C36ABEF1020F1A441CBF006B024468
:101BD0000020C1F88020BDE8F081000080B5426A95
:101BE000D0F88030A2FB03CEDB1702FB03EE90F8A7
:101BF00084304FEA1C4242EA0E42002B18BF92FB8F
:101C0000F3F20A8083898281D31A4382BDE880403F
:101C100006F0D8BF10B590F88410044621B104F145
:101C200028008900FEF751FC012084F8850010BDD2
:101C3000016F4FF0FF32B2FBF1F1B0F86C2081661A
:101C400002EB8201490041620021A0F87A1090F86D
:101C5000841001220029A0F87E2008BF704780B5BB
:101C600028308900FEF731FC80BD0000C288C180A9
:101C70008A1AA0F87A204278514381807047000088
:101C800070470000F0B581B0044690F85A0006286D
:101C900044D0052850D0002858D1B4F85800C007C7
:101CA00054D0B4F95400226CC103666BB1FBF2F15D
:101CB000B2EBC03F88BF0121E1640027012506F196
:101CC0008A004FF40061A6F87A70A6F87E50FEF7FD
:101CD000DAFB2068002186F88C7802F0B1FC2068DD
:101CE00002F0C6FC20680021806A002208F02AFB6E
:101CF00020680021806A08F021FB206802F0E0FCE7
:101D0000B4F8580084F85A5020F00100A4F85800A4
:101D100001F05AFAE06301B0F0BD00BFB4F858001A
:101D2000800706D5606B4AF2A001A0F87C1004F091
:101D300033F9002008E000BF206802F0D5FC606B9A
:101D4000012180F88C18062084F85A0001B0F0BDFB
:101D500010B50446006802F065FC062840F0C0801B
:101D600094F85A000138032888BF10BDDFE800F05E
:101D7000025A2A4401F028FAD4E90F12411A91427A
:101D800040F28A80606BC088A4F8480001F01CFA19
:101D9000A16BE063084604F069FBA06B202104F00E
:101DA00073FBA06B4FF40041012204F03DFBA06BDC
:101DB000202104F077FB00202065022084F85A00DF
:101DC00010BD00BF216DB1F5803F05DB606B42782F
:101DD0000132B1EB024F35D3A06B04F0E1FA0028D9
:101DE0004CD0A06B4FF40041012204F01DFB0420F5
:101DF00084F85A0010BD00BF216DB1F1011F05DB51
:101E0000606B42780132B1EB024F1BD9A06B04F03A
:101E1000C7FA98B3206802F067FC052084F85A00DE
:101E200010BD00BFA06B04F0BBFA38B3616BB4F80F
:101E30004820C888801A00B210F5B66F38DA4FF61D
:101E4000FF7039E0B0F87810B0F88820D140002257
:101E5000B2EB912F12D122688388926A00EB410085
:101E60009288D21AA4F85620B0F98A1001FA82F3A7
:101E70000133002918BF5A08A0F88A20A06B04F08B
:101E800023FB216D22680B18906A19B22365BDE807
:101E9000104008F053BA00BFE26C2068514349007B
:101EA0004FF6FF729143BDE8104002F0C9BB00BF7E
:101EB000B0F5B66F10DD0120A1F87E00032084F894
:101EC0005A004978A06B4FF4C03202EB0141012265
:101ED000BDE8104004F0A8BA94F85A000328F0D0E6
:101EE00010BD0000002180F8321080F85A107047B1
:101EF00080B584B04EF60000C0F601000290029852
:101F00004FF4006109F046FEADF80600BDF806008A
:101F100040F21811C2F20001B1F88A18884204D0C8
:101F2000FFE700208DF80F0021E00020ADF804004D
:101F3000FFE7BDF80400B0F5806F14DAFFE7029800
:101F4000BDF8042030F8120040F21811C2F200016E
:101F500001EB4201A1F88A00FFE7BDF8040001305F
:101F6000ADF80400E5E701208DF80F00FFE79DF8CC
:101F70000F0004B080BD000080B584B040F218109E
:101F8000C2F2000000908A30039003984FF4006181
:101F9000019109F0FFFD0099019AA1F88A080399BF
:101FA0004EF60000C0F6010003F00AFB8DF80B00AE
:101FB0009DF80B0000F0010004B080BD42F260000B
:101FC000C2F2000000F01ABC41F6B870C2F2000084
:101FD000027F02F0FD01012942F20001C4F2020178
:101FE00006D002F0FE02022A16D0002101777047C7
:101FF0000B6823F400730B600B6843F400630B6001
:102000000B6823F400630B600B6843F400730B60F0
:1020100002F0FE02022AE8D10A6842F480520A6005
:102020000A6822F480520A600A6842F480620A60F8
:10203000002101777047000070B542F21006044697
:10204000C4F2020601F0C0F8054600BF3068C003C4
:1020500006D501F0B9F8401BA042F7D9032070BDA6
:1020600030684CF2FA3101400AD041F6B870C2F241
:10207000000042680A4342600120316070BD00BF29
:102080003068C0074FF0000008BF70BD012131600B
:1020900070BD00002DE9F0410446EFF3108072B6E8
:1020A00042F2681104EB0410C2F2000101EB400798
:1020B0003E4636F80C5F40F6343104EB4400C2F281
:1020C0000001B6F8028001EB001062B602F066FA79
:1020D000317D71B9013802280BD341F6E470C2F2A8
:1020E000000050F8240006F099FD788302F0A6FF66
:1020F0000546EFF3108072B63580A6F8028062B60E
:10210000BDE8F081B0B540F63431044600EB400044
:10211000C2F2000101EB0015284602F03FFA42F23C
:10212000681C04EB0413C2F2000C03380CEB4301EF
:10213000002210F1030F41F6E0704CF813204A60C2
:102140008A609CBFCA606A62C2F2000050F8240034
:10215000C1F81A20C1F81620C1F81220002103F09E
:102160002DFC41F6DC70C2F2000050F82400002182
:1021700003F024FC41F6E470C2F2000050F82400A1
:1021800006F076FD44F2A850C2F2000050F8240098
:10219000BDE8B04003F0DCBD2DE9F04F83B0009006
:1021A00005F038FB05F000FB40F21810C2F2000009
:1021B000FFF76AFC40F63430C2F2000002F0EEF99C
:1021C00041F6E471C2F2000144F2A85A0968C2F271
:1021D000000ADAF8002049691368B1F8048004465F
:1021E00002A910469847029802F09EFA0FFA88F664
:1021F0003146834602F0C0FADAF8001042F268195C
:1022000091F884100546C2F20009E9B341F6E07086
:10221000C2F20000B9F90C1000682AB2891A03F062
:10222000FFFB074641F6DC70C2F20000B9F90E1060
:102230000068A1EB254103F0F3FB012C08D144F227
:10224000A050C2F20000006803F0A8FA0746000C94
:10225000C7EA004140F2C600C2F20000FFF70EF9E3
:102260003146044602F0C2FADAF80010064691F848
:1022700084207AB10846314603F092FC0138B0FA66
:1022800080F0470907E000BF00270020012CD6D0CE
:10229000DEE700BF00270298290CC9F81240C9F8F0
:1022A0000000C9F804B0A9F80850A9F80A10C9F844
:1022B0001660A9F81C8002F0F1FE40F63430C2F23C
:1022C00000003FB10121002202F05AF95DF80C0B29
:1022D000BDE8F08F40780628F8D140F21810C2F21D
:1022E000000080880DF10601ADF8060041F6786027
:1022F000C2F2000007F0B8FF5DF80C0BBDE8F08FEC
:102300002DE9F04144F2A85140F63840C2F20001F4
:10231000C2F20000086004F043FB40F6D035C2F280
:102320000005284603F042FB40F21816C2F20006F0
:102330003046FFF77DFC41F6E478C2F2000840F633
:10234000A81741F67864D8F80010C2F20007C2F26C
:102350000004384622463346FFF762FB44F29850A9
:10236000C2F20000076040F6FC30C2F2000003F049
:102370001DFBD8F800002946324606F0E9FC40F67D
:10238000A430C2F2000003F011FB40F67830C2F234
:10239000000003F00BFB41F6D870C2F200000068A9
:1023A00040F2B40142F2681640F66835C2F200010C
:1023B000C2F20006C2F20005C0E9026128462146C9
:1023C00003F0E8F944F2A050C2F20000056044F2C4
:1023D000A45141F68850C2F20001C2F20000086028
:1023E00005F024FB0020FFF78DFED8F80000012146
:1023F00086F8201006F0A0FCD8F80010F06008461F
:1024000006F09AFC40F63434000CC2F2000430822C
:10241000204602F047F9D8F8000006F095FC014686
:1024200020460022BDE8F04102F086B8FF2808BF30
:10243000704702F083BE0000B0B5044600F0C4FE51
:10244000054640F20000C2F200004068611C18BF5F
:10245000044400BF00F0B8FE401BA042FAD3B0BD58
:1024600010B590F85C30013B012B69D800685FEA39
:10247000417ED0F858C00CF0010300D01BB311F01E
:10248000380F02D01CF002041DD011F4E07F02D0FE
:102490001CF0040417D011F4F05F02D01CF0080403
:1024A00011D011F4604F02D01CF010040BD011F4C5
:1024B000403F02D01CF0200405D011F47C0F06D060
:1024C0001CF0400403D1C46D44F00104C465BEF1A6
:1024D000000F18BF002B3BD111F0380F18BF1CF0B4
:1024E000020335D111F4E07F18BF1CF004032FD193
:1024F00011F4F05F18BF1CF0080329D111F4604FEC
:1025000018BF1CF0100323D111F4403F18BF1CF07A
:1025100020031DD111F47C0F18BF1CF0400317D10C
:102520000B061BD4CB0504D5D0F8E0301A43C0F815
:10253000E02000F15402002013681943116010BD1F
:1025400000F160020120022113681943116010BDDF
:10255000C36D43F00203C3650B06E3D5D0F8DC304E
:102560001343C0F8DC30CB05DED4E2E790F85C30F2
:10257000022B17D12DE9F0410668D6F8C4309B0232
:1025800016D4D6F8C430D1E90075D1F808E00C694A
:10259000C3F3014CA5B144EA070343EA0E0343F039
:1025A000804E11E0016E41F0080101660120704784
:1025B000016E41F4007101660120BDE8F08100BFA9
:1025C00044EA87434EEA030ED1E90757D1E905846F
:1025D00045EA0765CB682C43456D44EA08040CEBDB
:1025E000CC0744EA034405EBC70345F837E05C60D9
:1025F000CF6887B14CF6D825083303320024C0F6E3
:10260000000500BF171957F8037C1F51CF68043429
:10261000EF5DBC42F6D3012101FA0CF1C6F8CC10F3
:1026200081650020BDE8F08190F85C20013A012A24
:1026300014D880B50A68BAB101F1040E9EE80450BE
:10264000D1E90431406C43EA4E7E41EA8C7100EBE3
:10265000C20340F832E05960002080BD016E41F0B5
:102660000201016601207047D1E90323D1E901CEBF
:10267000D206496942EA8E7242EA0342006C114373
:1026800040F82C10002080BD70470000704700000B
:102690002DE9F04390F85C70022F1BD1D0F800C0F8
:1026A00040291FD1DCF890703F0700F09D80DCF8D6
:1026B0009070FF0146BFDCF88070C7F34027002709
:1026C000DCF89060C6F3012606EB070C00F1480722
:1026D0001DE000BF016E41F0080101660120BDE868
:1026E000F08300BFDCF898703F077DD0DCF898706D
:1026F000FF0146BFDCF88070C7F300270027DCF835
:102700009860C6F3012606EB070C00F14C073F6802
:102710000CEBCC0657F8365007EBC60E15F080458B
:10272000556057F8365025F0604408BFC5F38A4419
:10273000146057F8365005F00055956057F836404C
:1027400004F000441461BEF80440D461BEF80640B1
:1027500014F00F04D460DEF8044004F480145461D3
:10276000DEF8044004F4001494619EF8074004F07D
:102770007F041462DEF804404FEAD474546228D017
:102780004CF6D8280024C0F6000800BF0EEB040663
:10279000377A651C1F55D76818F80770BD4218D2E4
:1027A000757A1F197D70D56818F80590A51C4D45E0
:1027B0000FD2B57ABD70D56818F80590E51C4D4567
:1027C00007D2F57A0434FD70D56818F80550AC428C
:1027D000DCD3006840290CBFC0F894C0C0F89CC08E
:1027E0000020BDE8F08300BF016E41F480710166F6
:1027F0000120BDE8F0830000704700002DE9F04F94
:1028000085B004460068016D426DD0F850B0456D4A
:10281000076D466D036D01EA02080493436D03934F
:10282000036D0293436D0193D0F854A0D0F85090FB
:102830005FEA496307D51AF0400104D040210165E1
:102840002046FFF7D9FF0BEA050B5FEAC95008F4F1
:10285000E0550ED51AF480700BD02068D0F8D8104F
:10286000D0F8E02011404FF480720265204600F05D
:1028700013FA37400BF007062DB12068294605658D
:10288000204600F00DFA07F038052EB120683146D9
:102890000665204600F0CEF92DB120682946056571
:1028A000204600F0DDF95FEA895009D51AF400707E
:1028B00006D020684FF400710165204600F0F2F95F
:1028C0005FEA09600DD51AF080000AD02068D0F8C0
:1028D000D410D0F8DC20114080220265204600F0A0
:1028E000DDF95FEA894009D51AF4005006D0206866
:1028F0004FF400510165204600F0CCF95FEA094031
:10290000DDE9011000EA010509D51AF4004006D0FE
:1029100020684FF400410165204600F0B9F9DDE977
:10292000031008405FEA494105F460210AD51AF412
:10293000804207D022684FF480431365226E42F034
:102940008002226600F4710521B1206801652046ED
:10295000FFF79CFE25B120680565206E28432066A0
:10296000206E28B1204605B0BDE8F04FFFF78CBEC1
:1029700005B0BDE8F08F0000002804BF01207047BB
:1029800070B5044690F85C0028B9002084F85D001A
:10299000204600F017F92068816921F0100181615B
:1029A00000F012FC054600BF20688169090705D5C3
:1029B00000F00AFC401B0B28F6D310E0816941F0BF
:1029C0000101816100F000FC054600BF21688869B3
:1029D000C0070DD100F0F8FB401B0B28F6D3206E8A
:1029E000032140F001002066012084F85C1070BDD6
:1029F0004AF200408A69C4F20000A0F5804342F028
:102A0000020299428A6105D162684CF20013CFF646
:102A1000FF73C250227C8B69012A23F0400318BF48
:102A200040338B61627C8B69012A23F4804308BFA9
:102A300003F580438B61A27C8B69012A23F48053C8
:102A400018BF03F580538B618D69D4E902E325F447
:102A5000407545EA0E058D618D6925F0A4058D61EF
:102A60000D6925F010050D61A3B1012B0ED0022BCD
:102A700009D08D69032B45F080058D610D6945F006
:102A800010050D6106D1202301E000BF04238D69EC
:102A90002B438B61D4E90535D4E907266FF0FF0C91
:102AA000013D0CEB022242EA4562751E2A430025D5
:102AB000CFF6FF7505EB03431A43BEF5407FCA61AD
:102AC00010D1D4E909E3D4E90B62013B0CEB0626F3
:102AD00033436FF00F0606EB02121A4305EB0E4369
:102AE0001A43CA6004F134064CCED1F8C0502E43CC
:102AF000C1F8C0602064D1F880604AF2704526F4C5
:102B0000F816C4F2000546EA0242C1F88020656466
:102B1000D1F8802022F0706242EA0362C1F880207E
:102B200005F14001A16405F58C71E16405F5F871CA
:102B3000216505F502716165002105F5037200BF8D
:102B4000C0E90011C0E90211C0E90411C0E9061191
:102B5000C0E90811C0E90A11C0E90C11C0E90E1161
:102B6000C0E91011C0E91211C0E91411C0E9161131
:102B7000C0E91811C0E91A11C0E91C11C0E91E1101
:102B8000C0E92011C0E92211C0E92411C0E92611D1
:102B9000C0E92811C0E92A11C0E92C11C0E92E11A1
:102BA000C0E93011C0E93211C0F8D010904200F1F4
:102BB000D400C5D300200121A065206684F85C10F4
:102BC00070BD0000006846F20041C4F20001884276
:102BD00018BF704780B586B041F24C00C4F20200C5
:102BE000C16B022262F31961C163C16841F00071D7
:102BF000C160C16801F0007101910199016841F063
:102C000001010160006801A900F001000190019834
:102C10004FF4C050CDE901020020CDE903000920A6
:102C200005904FF0904000F0FFF906B0BDE88040FD
:102C30007047000010B58AB042F24C14C2F2000492
:102C400004F114036A464021FFF722FD10B10AB0D7
:102C500010BD00BF009820610120A0700AB010BD17
:102C60007047000090F85C1001290BD1022180F818
:102C70005C1001688A6922F001028A610021016604
:102C800008467047016E41F004010166012070475B
:102C90007047000070470000704700007047000058
:102CA00070470000704700002DE9F04381B041F605
:102CB000B879C2F2000999F80020012A04D1022053
:102CC00001B0BDE8F08300BF0546012089F800008F
:102CD0004FF47A708846FFF7AFF928B1002189F8E0
:102CE000001001B0BDE8F08342F200070020C4F2FA
:102CF0000207C9F804003868396849053AD4C0F3B6
:102D0000402089F81C002868012842D04FF0FF308D
:102D1000C8F80000D5E902402044844221D2E600F0
:102D2000786906F4FF6120F4FC70084378617869E3
:102D300040F002007861786940F4803078614FF4A7
:102D40007A70FFF779F97969002821F4FD717961CA
:102D500062D1D5E9020101340844844206F1080633
:102D6000DED3002099F81C1001F0FD02012A29D0C1
:102D700038E000BF396810F400704FF0030021F410
:102D8000806108BF0220396089F81C00286801288A
:102D9000BCD12879C00703D0786940F0040078617D
:102DA000786940F4803078614FF47A70FFF744F925
:102DB000796921F00401796199F81C1001F0FD0294
:102DC000012A0FD13A6822F400723A603A6842F45C
:102DD00000623A603A6822F400623A603A6842F46B
:102DE00000723A6001F0FE0102290BD1396841F40A
:102DF00080513960396821F480513960396841F473
:102E000080613960002189F81C10002189F80010C8
:102E100001B0BDE8F08300BFC8F8004099F81C106D
:102E200001F0FD02012ACDD0DCE7000042F21400DF
:102E3000C4F20200016841F0004101600068C04333
:102E4000C00F70472DE9F04741F6B879C2F200098A
:102E5000924699F80020012A04BF0220BDE8F087BD
:102E6000804642F2100501201F460E46C4F20205BC
:102E700089F8000000F0A8F9044600BF2868C003E4
:102E80000CD500F0A1F9001BB0F57A7FF6D9032428
:102E9000002089F800002046BDE8F08728684CF241
:102EA000FA3108400CD0D9F8041001240143C9F8C4
:102EB00004102860002089F800002046BDE8F08753
:102EC0002868C0071CBF012028600020C9F8040042
:102ED00055F8101C490506D555F8100C20F48060F3
:102EE00045F8100C0220B8F1000F89F81C0045D0FD
:102EF000B8F1020F50D86868AAF1400240F480206F
:102F00006860EFF31080EFF3108172B6A6F1400114
:102F1000402300BF52F8407F103B41F8407F576884
:102F20001E064F6097688F60D768CF6017690F6182
:102F300057694F6197698F61D769CF61176A0F62CF
:102F4000576A4F62976A8F62D76ACF62176B0F63B7
:102F5000576B4F63976B8F63D76BCF63DAD1B8F141
:102F6000020718BF012780F310886FF48026B8F19C
:102F7000020F18BF4FF0FF3611E000BF686840F045
:102F800001006860C6F800A0BFF36F8F77606FF034
:102F90000106002703E000BF4FF0FF36012700F0D5
:102FA00013F904462868C00308D500F00DF9001B8A
:102FB000B0F57A7FF6D9032412E000BF28684CF2FE
:102FC000FA31084006D0D9F8041001240143C9F8A9
:102FD000041004E028680024C00701D00120286004
:102FE00017B9686830406860FEF7EEFF002089F886
:102FF00000002046BDE8F08742F20800C4F202005B
:10300000C168B1F1FF3FC4BF0020704740F22311F7
:10301000C4F26751016048F6AB11CCF6EF51016084
:10302000C068C00F704700002DE9F04F82B00D68F6
:10303000002D00F0C58000F13847860546EA972745
:1030400041F20046C4F60006062240F2004EB042AD
:1030500008BF0522C4F2010E052F38BF3A464FF0D3
:10306000000C012400270026009209E00D680136BB
:1030700035FA06F207F102070CF1040C00F0A0800B
:1030800004FA06FB15EA0B08F0D0D1F804A00323DC
:103090000AF003056A1EBB40012A6FEA03090FD834
:1030A0008268CB6802EA0902BB401A438260426828
:1030B000CAF3001322EA0B02B3401A43426003E052
:1030C000032D01D103251FE0C2688B6802EA0902C3
:1030D000BB401A43022DC26016D16FF0030202EA10
:1030E000560202440CF01C050F23D2F820A003FA6C
:1030F00005FB0B692AEA0B0AAB4043EA0A03136299
:10310000D1F804A00AF00305026805FA07F302EA01
:1031100009021A431AF4403F0260A7D041F260034B
:10312000C4F202031A684FF6084A42F001021A601C
:103130001A68CFF6FF7A02F001020192019A26F096
:103140000302724452F80A900CF00C050F23009C05
:10315000AB4029EA030304FA05F52B4342F80A3091
:10316000DEF808204B6842EA080540F20C49DC0210
:1031700058BF22EA0805CEF80850C4F20109D9F870
:1031800000209D0242EA080458BF22EA0804C9F858
:103190000040DEF804209D0342EA080458BF22EAFA
:1031A0000804CEF80440DEF80020DB0342EA0804FD
:1031B00058BF22EA0804CEF80040012456E700BFB9
:1031C00002B0BDE8F08F000044F2E850C2F2000007
:1031D0000068704740F2000044F2E851C2F200007B
:1031E000C2F2000140680A6810440860704700009D
:1031F00080B542F20000C4F20200016841F480711F
:103200000160032000F090F8042000F009F8002885
:103210001CBF012080BD00F029F8002080BD000007
:1032200070B540F20006C2F200067168E1B10446D2
:1032300041F62860C2F200004FF47A720068B2FBD7
:10324000F1F1B0FBF1F000F093F80F2C4FF0010515
:1032500008D838B94FF0FF3021460022002500F091
:1032600037F83460284670BD012070BD80B582B04B
:1032700041F25800C4F20200816841F0010181600E
:10328000816801F0010101910199016841F08051CB
:103290000160006800F0805000900098042000F069
:1032A00043F802B0BDE8804000F050B8002848BFA5
:1032B000704700F01F01012202FA01F11C2202EA0C
:1032C000D0004EF20012CEF2000281507047000092
:1032D00010B54EF60C5CCEF2000CDCF80030C3F3F7
:1032E000022E8EF00704042C28BF0424BEF1030331
:1032F0004FF0FF3E0EFA04F438BF0023A14399407B
:103300000EFA03F39A43114300F00F0200F16043F9
:103310000901043A03F564436244002848BF02F1FE
:103320000C03197010BD00004EF60C51CEF20001D6
:103330000A684FF6FF031A4060F30A2242F08060E9
:1033400040F0FD700860704707F032FB47F208005C
:10335000C4F20000016841F4804101607047000040
:1033600041F62860C2F20000006870477047000014
:10337000411E0020B0EB116F1CBF012070474EF2C0
:103380001002CEF2000251604EF62351CEF200013F
:10339000F0230B700721906011607047FFF7E6BFC4
:1033A00000F03800082804BF01207047182804BF27
:1033B00004207047102814BF00200220704700002E
:1033C00000F03802102A40F07F8020F00700B0F5AE
:1033D000196F15DBB0F5296F28DAB0F5216F49DADE
:1033E000B0F5196F78D0B0F51D6F6DD140F634305F
:1033F000C2F20000006A00F1120200200A60704769
:10340000B0F5096F24DBB0F5116F41DAB0F5096F43
:103410006CD0B0F50D6F57D140F63430C2F20000D9
:10342000006A00F1080200200A607047B0F5316FB1
:103430003CDAB0F5296F63D0B0F52D6F44D140F27E
:103440001810C2F20000021D00200A60704700BF81
:10345000B0F5FA6F5ED0B0F5016F63D0B0F5056FCF
:1034600032D140F63430C2F20000006A021D002062
:103470000A60704760D0B0F5256F25D140F6343032
:10348000C2F20000006A00F1160200200A607047D4
:103490005CD0B0F5156F17D140F63430C2F20000A1
:1034A000006A00F10C0200200A60704758D041F613
:1034B000D042904208D141F67860C2F20000021D6D
:1034C00000200A60704700BF42F290120520C2F24D
:1034D00000020A60704700BF40F63430C2F20000BC
:1034E000006A00F10E0200200A60704740F6343096
:1034F000C2F20000006A821D00200A60704700BF0F
:1035000040F63430C2F20000006A00F118020020D8
:103510000A60704740F63430C2F20000026A0020B0
:103520000A60704740F63430C2F20000006A821C24
:1035300000200A60704700BF40F63430C2F200003D
:10354000006A00F1140200200A60704740F634302F
:10355000C2F20000006A00F10A0200200A6070470F
:1035600040F21810C2F2000000F10C0200200A60C4
:103570007047000006F0CAF9FEE70000B0B5044647
:1035800042F24C10C2F2000094F8541042F24D1571
:103590000078C2F2000501F0FC012A78084340EAF5
:1035A0004201206884F8541001F03CF8A0F10A01AF
:1035B00002290BD306281BD020BB94F85400C00767
:1035C00020D02068BDE8B04001F07AB894F85400EB
:1035D000800758BFB0BD206800F0BCFF94F85400CD
:1035E00000F0FD0084F85400002028700AE000BFBD
:1035F00094F85400C00705D12068BDE8B04001F040
:1036000073B800BFB0BD000010B50446006801F0FB
:1036100009F8062818BF10BDD4E90F10814205D063
:10362000A06B012202F000FFE06B2064A06B02F0AF
:103630004BFF21680246C96A0846114602F044FD64
:10364000226801B210460022BDE8104000F074BFAD
:1036500010B504460068C16AC069096805F092FBAC
:103660002068BDE8104001F01DB80000B0B5044668
:10367000006800210022002500F05EFF206800F0B5
:1036800091FF0146A06BC4E90F5102F091FE206842
:10369000C06ABDE8B04002F011BD000070B504463C
:1036A000006800F0BFFF062824D068BB94F83A00F9
:1036B000C00708BF70BDE08E228F01B280EAE13002
:1036C000A0EBE1312068A58E806A01FB02F60021A3
:1036D000002206F037FE2068290400F0B1FF2068C0
:1036E000B4F93610B2B200F027FF2068BDE8704090
:1036F00000F0E6BF94F83A00C00705D12068BDE8A5
:10370000704000F0F1BF00BF70BD0000006800F025
:10371000AFBF00000822C5F200021368D2F80021F2
:103720001A43D2071CBF0120704780B5D1E900C3FE
:10373000826843F2E00ECFF6C07E0EEA020E5BB165
:10374000D1E90212114341EA0E0141EA0C01194389
:103750008160002080BD00BF4EEA0C018160002026
:1037600080BD00008268D2071CBF0120704780B571
:10377000D1F804C0C368BCF1000F23F0047E05D06B
:10378000D1E902231A4342EA0E0302E0CA684EEA74
:103790000203C360C26C40F2FF1309689A431143ED
:1037A00041EA0C01C164002080BD00008268D2079C
:1037B0001CBF01207047C2684CF2180322EA030CB8
:1037C000D1E90032896843EA0C031A431143C1600E
:1037D000002070478268D2071CBF01207047B0B537
:1037E000D1E900C2C3684CF21C0ECFF6F07E0EEA9F
:1037F000030E3AB101F1080538CD496923432B4343
:1038000004E000BFD1E9033449692343194341EA85
:103810000C0141EA0E01C160016B21F00F0111435F
:1038200001630020B0BD00002DE9F04F0C6894FA50
:10383000A4F2B2FA82F234FA02F363D04FF0010834
:103840004FF0030B0BE000BFD1E900470568B7401C
:103850002B403B430360013234FA02F352D008FAA2
:1038600002F314EA030CF6D0D1F80490A9F1010395
:10387000022B1BD29CFAACF6B6FA86F77E00D0F883
:1038800008A00BFA06F3D1E902BE2AEA030A0BFAF2
:1038900006F545EA0A05856045684FF0030BA54328
:1038A0000EFB04F4DB432543456007E09CFAACF3D0
:1038B000B3FA83F77E000BFA06F3DB430D69C468A5
:1038C000B5401C402543B9F1020FC560BCD14FEA99
:1038D0001C2494FAA4F4D1F814E0BCF5807F28BF2E
:1038E000B4FA84F74FF0240438BF202450F804C001
:1038F000BF000F25BD402CEA05050EFA07F72F4340
:103900000751A1E70020BDE8F08F000010B5024686
:10391000006820F0010010601068D1E901C320F4B4
:10392000F85ED1E9030443EA002040EA0E0010608B
:10393000C2F810C0106840F001001060906820F4D8
:1039400000409060D1F818C0936840F2FF7023EAFD
:10395000000040EA0C0040EA040090601CB190684E
:1039600040F40040906010680B6820F44010184349
:1039700049691060506820F4004001430020516004
:1039800010BD00000268002A44BF0120704710B536
:10399000D1E900E2D1F808C003684FF21374CFF602
:1039A000F974602A03EA040302D14EEA030103E03A
:1039B000C968194341EA0E0141EA0C011143016053
:1039C000002010BD80B541F2080EC4F2020EDEF8F0
:1039D000002002F00C0342F200420C2BC0F2F40271
:1039E00006D0082B24D141F20022C0F27A021FE057
:1039F000DEF8043003F00303032B04BF41F200227E
:103A0000C0F27A02DEF80430C3F3062CDEF804308C
:103A100002FB0CFCC3F30313DEF804200133BCFBF0
:103A2000F3FCC2F34162022303EB4202BCFBF2F25D
:103A30000260DEF800304CF2C831C3F30313C0F665
:103A40000001C95C4CF2D83301F01F0122FA01F1E8
:103A50004160DEF80020C0F60003C2F302229A5C47
:103A600002F01F0221FA02F28260DEF80020C2F3A7
:103A7000C2229A5C02F01F02D140C16080BD0000EA
:103A8000C0281FD141F20C01C4F20201C86FC0B2BC
:103A90008009032822D0022816D0012826D151F807
:103AA000040C00F00C0242F200400C2AC0F2F400B8
:103AB0002ED0082A18BF704741F20020C0F27A00C9
:103AC000704700BF0020704751F80C0C42F20041D3
:103AD0004005C0F2F40101EAE0707047D1F88400BB
:103AE0004FF4004101EA8030704700BF51F8040CE8
:103AF00000F00C0242F200400C2AC0F2F40023D085
:103B0000082A3CD141F20020C0F27A0037E000BF21
:103B10000A6802F00302032A04BF41F20020C0F247
:103B20007A000A680B68C2F306225043C3F30312FB
:103B300009680132B0FBF2F0C1F34161022202EBED
:103B40004101B0FBF1F070470A6802F00302032A5A
:103B500004BF41F20020C0F27A000A680B68C2F389
:103B600006225043C3F303120B680132B0FBF2F09C
:103B7000C3F34162022303EB4202B0FBF2F051F8BF
:103B8000042C4CF2C833C2F30312C0F600039A5C53
:103B900051F8041C4CF2D833C1F30221C0F60003E3
:103BA000595C02F01F02D04001F01F01C84070476D
:103BB000302857D00C282BD003281CBF002070477A
:103BC00041F20C01C4F20201C86F4FF4404262F3AB
:103BD0009F00B0F1031F4ED00222C0F203029042B8
:103BE00036D00122C0F2030290421ED051F8040CDC
:103BF00000F00C0242F200400C2AC0F2F4006FD038
:103C0000082A40F0888041F20020C0F27A0082E069
:103C100041F20C01C4F20201C86FC0F38100032815
:103C200029D0022814D001282CD151F8040C00F01E
:103C30000C0242F200400C2AC0F2F40034D0082AF0
:103C400002BF41F20020C0F27A007047704700BF07
:103C500051F80C0C42F200414005C0F2F40101EAB7
:103C6000E070704741F20C01C4F20201C86FC0F36A
:103C700001100328D5D1D1F884004FF4004101EAA6
:103C80008030704751F8040C00F00C0242F2004002
:103C90000C2AC0F2F4004FD0082A04BF41F20020E1
:103CA000C0F27A0063E000BF0A6802F00302032A50
:103CB00004BF41F20020C0F27A000A680B68C2F328
:103CC00006225043C3F3031209680132B0FBF2F03D
:103CD000C1F34161022202EB4101B0FBF1F07047F8
:103CE0000A6802F00302032A04BF41F20020C0F276
:103CF0007A000A680B68C2F306225043C3F303122A
:103D00000B680132B0FBF2F0C3F34162022303EB14
:103D10004202B0FBF2F051F8042C4CF2C833C2F36B
:103D20000312C0F600039A5C51F8041C02F01F0253
:103D3000C1F3C2212AE000BF0A6802F00302032A8D
:103D400004BF41F20020C0F27A000A680B68C2F397
:103D500006225043C3F303120B680132B0FBF2F0AA
:103D6000C3F34162022303EB4202B0FBF2F051F8CD
:103D7000042C4CF2C833C2F30312C0F600039A5C61
:103D800051F8041C02F01F02C1F302214CF2D83397
:103D9000C0F60003595CD04001F01F01C8407047D5
:103DA0000246006840063BD42DE9F04710684FF604
:103DB000BF73D1E9008E20EA030CD1E9024A4CEA34
:103DC0000805D1E9046745EA0E05D1E9063045EA60
:103DD0000A052E433343D1F820901843384340EA74
:103DE00009001060506840F60473984340EA174099
:103DF00000232043B3EBD42F506003D1506840F42C
:103E000080505060B9F5005FBDE8F04704BF888C72
:103E100010610020D16921F40061D161704700BFB9
:103E20000120D16921F40061D161704741F6286118
:103E3000C2F200010860704770B58B6848F2FF3429
:103E40008446087BCEF6F074D1E900E223401843A3
:103E500004F580631A40104304F54062CB8902EAFE
:103E60000E02104323F4C042D1E9043E04F570561B
:103E7000334018431043CA6A04F5F8438D691A4069
:103E80002EF080531A4343F200432A43C4F2010345
:103E90009C4542EA000305D042F60040C4F201000E
:103EA000844513D14FF6FF70CDF60F4001F11C068B
:103EB00018404CCE26F00C56304322F00852896A46
:103EC000104323F00052104340EA01030020CCF8D5
:103ED000443070BD40F2FF7C02460068C4F2000C22
:103EE000624521DD40F60003C4F200039A4224D06B
:103EF00043F20043C4F201039A421ED042F600434B
:103F0000C4F201039A4218D043F2FF33C4F2010312
:103F10009A421CDC624529DCB2F1804F3CD040F271
:103F20000043C4F2000335E0B2F1804F05D040F207
:103F30000043C4F200039A42E6D14B6820F07000BF
:103F4000184343F2FF33C4F201039A42E2DD44F224
:103F5000FF33C4F201039A4212DC43F20043C4F27D
:103F600001039A4218D044F2000311E040F6000326
:103F7000C4F200039A420FD042F6004308E000BFAB
:103F800044F60003C4F201039A4205D044F2004310
:103F9000C4F201039A4203D1CB6820F44070184365
:103FA000106088689305D062A2F18040A0F5963039
:103FB00043EA90200B880728936207D8012303FA6D
:103FC00000F010F0E50F1CBF08691063506940F065
:103FD00001010020516170472DE9F041B1F5805F8A
:103FE0004FF0010352DA012900F09280102900F00D
:103FF000D380B1F5807F40F09B81016A40F2FF16CB
:1040000021F480710162036A4168D0F81CC0146910
:1040100023F440732402B4432343A0F18044D2E943
:1040200000E5A4F59634860546EA9424072C43EA75
:1040300005231CD8012505FA04F414F0E50F16D069
:1040400002F1140898E8600140F2FF77AD0223F412
:1040500040639468BD432B4343EA8423340142F216
:104060000F0521F44051AC43214341EA48114FF67A
:104070008C74CFF6FE740CEA040747EA0E07416021
:10408000C761D168C163036251E100BF00F0CC8019
:10409000B1F5803F00F01081B1F5801F40F04881FC
:1040A000016AA0F1804521F480110162A5F59635E1
:1040B0008605046A036DD2E900EC116946EA95258C
:1040C000072D0DD8012606FA05F515F0E50F1FBFDF
:1040D0004568966925F4802545EA862518BF456020
:1040E0000025CFF6E07524F4401405EA0151214380
:1040F00048F6FF44CFF6FF6404F54074234043EADA
:104100000E230365D26841EA0C51C2640EE100BF80
:10411000016A840521F001010162016A4368D0F857
:1041200018C0156921F0030125F001052943A0F10C
:104130008045A5F5963544EA9524D2E900E5072C9B
:1041400041EA05011AD8012505FA04F414F0E50F37
:1041500014D002F1140898E860016FF0040721F010
:104160000C01946807EA8505294341EA840123F498
:10417000407326F40074234343EA48034FF68C74DB
:10418000CFF6FE740CEA040747EA0E074360876126
:10419000D2684263CAE000BF016A6FF0100621F0E6
:1041A00010010162036A4168D0F818C0146923F055
:1041B000300306EA04142343A0F18044D2E900E569
:1041C000A4F59634860546EA9424072C43EA0513A1
:1041D0001CD8012505FA04F414F0E50F16D002F1FD
:1041E000140898E860016FF0400723F0C00394685A
:1041F00007EA85152B4343EA8413B40040F6030510
:1042000021F44061AC43214341EAC80148F6FF4430
:10421000CFF6FF640CEA040747EA0E274160876186
:10422000D1688163036282E0016A41F6FF7621F47E
:1042300080510162036A4168D0F81CC0146923F4FC
:1042400040532403B4432343A0F18044D2E900E562
:10425000A4F59634860546EA9424072C43EA0533F0
:104260001CD8012505FA04F414F0E50F16D002F16C
:10427000140898E8600147F6FF77AD0323F4404344
:104280009468BD432B4343EA8433B40148F23F05AD
:1042900021F44041AC43214341EAC81148F6FF44B0
:1042A000CFF6FF640CEA040747EA0E274160C761B6
:1042B000D168016403623AE0016AA0F1804521F40B
:1042C00080310162A5F596358605036AD0F850C0A5
:1042D000D2E900E1146946EA9525072D0DD801269B
:1042E00006FA05F515F0E50F1FBF4568966925F438
:1042F000803545EA062518BF45600025CFF6E075F4
:1043000005F5F01523F4403305EA0444234343EA5A
:1043100001414FF68C73CFF6FE73033303EA0C03AF
:1043200043EA0E030365D268836C82640162002352
:104330001846BDE8F081000070B504460068C0076B
:104340001CBF012070BD0E46206846F6F311CEF664
:10435000FF710840D6E9021CD6E904320843F5692A
:104360001843104328432060606820F4405040EA1E
:104370000C006060B069A16821F440710843A0603E
:1043800044F6FF30C4F2000084424FF0010011DC1B
:1043900044F20041C4F200018C421DD044F60001F9
:1043A000C4F200018C4244D13020FFF701FCE8B98F
:1043B00036E000BF44F60041C4F200018C4211D047
:1043C00043F60001C4F201018C4232D10320FFF711
:1043D000EFFB58B924E000BF0C20FFF7E9FB28B938
:1043E0001EE000BFC020FFF74BFBC8B17168B9B138
:1043F00032680B2A1CD812A353F82220F369B0FBB1
:10440000F2F0B3F5004F0DD1400000EB5100B0FBCE
:10441000F1F04FF6F0710140C0F34200084406E0AD
:10442000012006E000EB5100B0FBF1F080B2E0604B
:1044300000203188E26A22F00F021143E16270BD70
:10444000010000000200000004000000060000005F
:10445000080000000A0000000C000000100000002E
:10446000200000004000000080000000000100006B
:1044700010B5D0E9070404F05FFCE06010BD000057
:10448000B0B504468079012818BFB0BDE079013885
:10449000042849D8DFE800F012362C04040000BFDD
:1044A000236AA06AB4F91410228B012583F82050E6
:1044B00005F048FF0225A571B0BD00BFD4E9070192
:1044C000002281F820200321032504F057FCA06A74
:1044D000B4F91410228B05F035FFE069B4F914101B
:1044E000228B04F0D3FB002818BF0225A571B0BDB4
:1044F000206A012180F82010616AC1600225A5713F
:10450000B0BD00BFD4E90701002281F820200421BA
:1045100004F034FCE069B4F91610228B04F0B6FB09
:1045200010B10225A571B0BD0325A571B0BD000075
:104530000421017270470000818240F20111028360
:10454000C1807047C18240F20121C18004210283F1
:104550000172704710B5044600F064F80B281CBFC8
:10456000002010BD204600F01BF800284FF000008E
:1045700018BF10BDA08002202070012010BD0000D7
:1045800043880B4323EA02028388428019438180D7
:1045900070470000C069406904F00CBB007A7047A6
:1045A00040887047C06A006880687047818840888A
:1045B00041EA004070470000006A00687047000050
:1045C000006A406870470000006A80687047000019
:1045D000016A0069B1F90A204068B1F9081000EEDB
:1045E000102AB8EEC00A01EE100A61EE000A00EED1
:1045F000101AB8EEC00A21EE000A7047006AC068BF
:1046000070470000008B7047B0F91400704700003D
:10461000B0F9160070470000C06904F091BB0000BB
:104620008088704740787047006AB0F91A00704778
:10463000006AD0F816007047006AD0F81200704780
:1046400070B50D4604460E0CFFF7A8FF022807D1EF
:10465000206A8581C6810220A584E684207270BD0F
:1046600040F20130E0800420A584E684207270BD11
:10467000B0B50446D0E90701012281F820200221CB
:10468000022504F07BFB2572B0BD0000B0B50446E6
:10469000D0E90701012581F82050012104F06EFBCB
:1046A0002572B0BDB0B50446D0E90701002281F8FB
:1046B00020200321032504F061FB2572B0BD00001A
:1046C00010B50446FFF7AEFF38B92046FFF7A8FF44
:1046D00018B92046FFF764FF10B1002010BD00BFDD
:1046E00001202070A07110BDB0B50446FFF79AFFFD
:1046F00005462046FFF794FF18B92046FFF750FF04
:1047000010B10020B0BD00BF4FF000002DB10C2D46
:1047100008BFB0BD052020700120B0BDC0690021D8
:10472000C160C1617047000046F634420114CFF603
:10473000FF7251434BF21A62CFF6FF7212FB001167
:1047400048F2010341F3CF32CFF6FF739A42C8BF5C
:1047500013461A040023C7F6FF73B1F1404FB8BFE8
:1047600003F5003280B2B1F1804FA4BF0022C7F63A
:10477000FF7210447047000010B50446084600F070
:104780005DF810FB04F12214031403FB121C48F221
:1047900001034CF3CF32CFF6FF7310FB14F19A42B2
:1047A000D8BF1A4610FB241092B2BCF1404F40F320
:1047B000CF31B8BF48F201029942C8BF0B46190475
:1047C0000023B0F1404FC7F6FF73B8BF03F50031C7
:1047D000B0F1804FA4BF0021C7F6FF71BCF1804F3C
:1047E000A8BF47F6FF72881810BD000010B5044638
:1047F000084600F023F821B2021410FB14F302FB68
:10480000113110FB04F210FB34204900C1EAE03002
:1048100010BD00000128BCBF00207047EFF31081DD
:1048200072B640F60041C4F2020140F269120A6019
:104830004860886862B6C00B7047000040F60041CF
:1048400000F1FE40C4F202014FF0601200F57F005B
:104850000A604860886870472DE9F047B1F8008029
:104860008146B8F1000F55D0D9F80000C0898045C5
:1048700084BF0920BDE8F087887899F81E3089F850
:104880002100C87889F823000A7989F825204A7917
:1048900017189F4289F8272084BF0A20BDE8F087B7
:1048A000C24201F106073DD14FF0000A062010FA7E
:1048B0008AF0404584BF0920BDE8F087A8EB0A00D4
:1048C0000238A9F81A00387889F8290000284FF032
:1048D000000018BFBDE8F087B9F8182089F8290052
:1048E0006AB1D9F8141099F82A30D9F800008B521F
:1048F000B9F818204768023292B20923B84700205D
:10490000A9F8180089F82A0089F81F0089F8220000
:10491000BDE8F087B9F818200020002A89F829009E
:10492000DFD1ECE7002600244FF0000A14E000BFBE
:104930002846FEF735FDD9F80C1001348855D9F812
:104940000C0099F8231099F82720805D1144E6B2F5
:104950000237B1428244A9D9D9F804003D8800EB5E
:1049600086012846FEF72CFD99F82300E1B281422A
:10497000DED20220DFE700002DE9F0470446C07FC9
:1049800094F8221088425DD1228B0020002AE07723
:104990003ED1214651F8140B092203689847A8B369
:1049A00042F28C11C2F200016069096894F82A2071
:1049B000016094F829000421218390424FF0000106
:1049C00084F8201022D084F82A0094F8210094F86A
:1049D000232094F8273084F8220094F82500618B76
:1049E00084F8242084F82600A183D4E901101A4415
:1049F000920084F82830FBF714FD94F8232094F8F3
:104A00002730D4E903101A44FBF7C6FC228BDAB135
:104A1000A08B824200F2B38094F82490D4F81480E2
:104A2000B9F1000F5BD0D4F808E008EB0203B9F14C
:104A3000040F09F0030C09D20025BCF1000F31D19D
:104A40004DE000BF0130E077BDE8F08709F0FC0AD7
:104A5000AEF110060020002556F8102F08381288F5
:104A6000776823F81520228BB168023222833A88B6
:104A700003EB45077A80228B0435023222830988B2
:104A8000F268B980218BAA4501F1020121831188C6
:104A9000F980218B01F102022283DDD11B1ABCF1C6
:104AA000000F1CD05EF82500BCF1010F00881880B3
:104AB000208B00F10202228311D00EEB85004168A9
:104AC000BCF1020F09885980218B01F10202228377
:104AD00005D0806800889880208B821C228394F8FF
:104AE0002600FD284BD894F82010814244D194F838
:104AF00028000021002884F8201040D000EB090C89
:104B0000A5682069494600BF55F8297096B23F68EC
:104B100048F8067010F809703A444F1CFFB2BC45C3
:104B200022832CD955F8276093B2366848F8036081
:104B3000C35D1A448B1CDFB2BC4522831FD955F8D4
:104B4000273096B21B6848F80630C35D1A44CB1C68
:104B5000DFB2BC45228312D955F8273096B21B68C4
:104B6000043148F80630C35D5FFA81F91A44CC4538
:104B70002283C9D803E000BF481C84F82000A08B22
:104B800091B2814298BFBDE8F08794F82600FE28D4
:104B90003CD194F82800C8B394F82470D4F808E005
:104BA000D4E9046300EB070C3D4600BF5EF8270024
:104BB00091B200685850F05D0244681CC7B2BC4511
:104BC000228323D95EF8270091B200685850F05D27
:104BD0000244A81CC7B2BC45228317D95EF827003F
:104BE00091B200685850F05D0244E81CC7B2BC4561
:104BF00022830BD95EF8270091B200680435585023
:104C0000F05DEFB20244BC452283CFD8616994F8CD
:104C10002A3092B28B522068228B4768023292B2BD
:104C20000923B84700202083BDE8F0872DE9F04F25
:104C300085B0D0E90027824637F8023BBAF80C600D
:104C400023F0FF050020B5F5807FA6F10206D146CE
:104C50004FEAD301AAF80C60CAF80470928929F8C7
:104C60000E0F08BFC3F3C400B5F5807F08BF202135
:104C700020294FF0020B00F21381013B03F00703E0
:104C800040F6343503EB4303C2F2000505EB031590
:104C90000FFA86F8541EDFE811F0210029007B008E
:104CA000BF00BB00AD00B700C5000301C900030190
:104CB00003010301CD000301D90003010301030136
:104CC00003010301030103010301030103010301C4
:104CD00003010301030103010301DD000420AAF81D
:104CE0000E00DAF8080001210170D7E0DAF8083088
:104CF0000020B8F1010FADF81000AAF80E00C0F2C4
:104D0000CB8000254FF0000B398801F00700012807
:104D100000F2B4804CF2C032C0F600020393BB1C18
:104D200052F820C0A8F1020637B221F0070001F0C6
:104D3000380102931A4604AB0097E047BDF8101003
:104D40002B06A6EB01020FFA82F808BFB8F1000F9C
:104D500000F09C80220400F0B180039B00281870B2
:104D6000B9F8002018BF4FF0010B01320728A9F84D
:104D7000002000F08C800A2800F089800298013C15
:104D800047180133B8F1000F05F10105BCDC7EE0E6
:104D9000DAF808500020B8F1000FADF81200AAF8B8
:104DA0000E006BD037F8021B01F00700012865D810
:104DB0004CF2B832C0F6000252F820C026B221F000
:104DC000070001F038012A460DF112030096E04772
:104DD000002851D1BDF81200B9F80010A8F102085E
:104DE00001440544A9F800105FEA0841A4EB00045F
:104DF000D8D153E02846FFF715FC062804BF284603
:104E0000FFF78CFC4AE000BF2846FFF70BFC18B107
:104E10002846FFF769FC41E02846FFF751FC80F087
:104E2000010B3DE02846FFF795FB37E02846FFF7EA
:104E30001FFB33E0DAF808601FFA88F022B2394627
:104E40004B46009600F0B0F916E000BFFEF77CFA82
:104E500024E000BF012815D843F2B831C2F20001A6
:104E600051F8205075B1DAF808601FFA88F022B2C4
:104E700039464B460096A847834611E04FF0010B98
:104E80000EE000BF4FF00D0B0AE000BF83465FEA63
:104E90000B604FF0000003D1A9F800004FF0000BA9
:104EA000DAF80800BAF80E1000F801B0BAF80E00EF
:104EB0000130AAF80E0005B0BDE8F08F4FF0080BE6
:104EC000EEE7000070B540F20C05C2F2000568681C
:104ED000C16A21B190F83020002A18BF884700F03D
:104EE0005BF942F2FC060B28C2F2000634D801211D
:104EF00001FA00F040F6014108422DD06C6894F8A8
:104F0000310028B194F8320000281CBF002028701E
:104F10003078297888421FD02169002084F8300039
:104F200009B1204688472068FFF77CFB062802D19C
:104F30002068FFF7D9FB28784CF6A801C0F60001DD
:104F400051F82040A16811B12046884728780121F6
:104F50006C6084F830103070FCF7AAF840F6C4108A
:104F6000C2F20000416B4AF2A002B1F87C109142FB
:104F700008D0B17831B9022129700321A0F8581066
:104F80000120B07000F062FF002808BF70BD00F083
:104F900003F908B170BD00BFFCF7EEFFBDE870403B
:104FA00001F002B8B0B504F0B5F940F60850C2F20D
:104FB00000004168002918BF884740F6C410C2F2BB
:104FC00000004168002918BF884740F2CC00C2F2B7
:104FD00000004168002918BF884741F6A050C2F27E
:104FE00000004168002918BF884740F20C04C2F253
:104FF0000004E16A11B104F12800884740F6D82086
:10500000C2F200004168002918BF884740F62420FA
:10501000C2F200004168002918BF884700F09CFEDA
:1050200042F2FC05C2F20005281D04F1080100F05F
:1050300049FC002804BF01206870B0BD7047000023
:1050400070B544F2AC54C2F200042078A8B140F22A
:10505000181040F60856C2F200000025C2F2000601
:105060008560B06B0021C6E90F55756401F0A0F9A9
:105070003068C06A01F022F8257040F20C00C2F2DC
:1050800000004068416921B190F83020002A18BF23
:105090008847BDE87040FCF7F9BB000070B540F2EE
:1050A0000C00C2F200004068816A21B190F8302003
:1050B000002A18BF884742F2FC06C2F20006707848
:1050C000012818BF70BD40F67C20C2F20000448960
:1050D00040F68C20C2F20000458900F03FF8BDEE9A
:1050E000C00A10EE103A301D21462A46BDE8704035
:1050F00000F056BB80B504F035F940F20C00C2F266
:1051000000004068016A002908BF80BD90F8302087
:1051100012B1BDE88040084780BD000040F20C009D
:10512000C2F200004068C169002908BF704790F8CA
:1051300030200AB1084700BF7047000040F20C0061
:10514000C2F200004068C168002908BF704790F8AB
:1051500030200AB1084700BF7047000080B544F214
:105160009C50C2F200000068FFF71CFA00EE100A23
:10517000B8EEC00A80BD000044F29C50C2F20000AC
:105180000068FFF725BA000044F29C50C2F200000C
:105190000068FFF745BA000044F29C50C2F20000DC
:1051A0000068FFF73FBA000002207047B0B542F236
:1051B000C405C2F200052878002808BFB0BD04F07D
:1051C000E9FBFFF797FF40F6C824C2F2000420680D
:1051D00004F10C0182689047606080B1214651F86B
:1051E000080B0A220368984748B12046FFF71EFDC6
:1051F0002068A168D0F804C0E2890A23E0476888E3
:1052000010B1688801386880A88810B1A888013872
:10521000A880BDE8B04004F073BD0000002808BFBE
:105220007047F0B581B042F2C40540F6343142F621
:105230001047C2F200050026C2F20001C4F20107C5
:105240002E700160FDF75CF841F6B060C2F200001C
:10525000FBF786FE40F6D030C2F2000000F0A6FB5D
:1052600041F67860C2F2000005F066F841F6686029
:10527000C2F2000002F0F2FA40F2B400C2F2000002
:1052800003F092FC41F62C60C2F2000002F0E6FA54
:1052900041F63C60C2F2000000F080F940F67C204C
:1052A000C2F2000002F0DAFA40F68C20C2F20000EE
:1052B00002F0D4FA42F29414C2F20004204603F041
:1052C0006BFD204603F014FE204640F2031103F06C
:1052D00043FE204640F2011103F0F2FE204603F0A7
:1052E00053FD0220FDF7A8F83868000644BF6FF0B0
:1052F0008000386042F26810C2F2000080F821603D
:10530000FFF750FE06F0A8FC0120287001B0BDE8B0
:10531000F040704710B5044642F24C10C2F2000053
:1053200094F85A1042F24D120078C2F2000201F0D5
:10533000FC011278084340EA4201206884F85A10C0
:10534000FFF770F9A0F10A0102290FD3062813D044
:1053500080B994F85A00C0070CD020680021FFF7EC
:105360006FF92068BDE81040FFF7AAB994F85A1009
:1053700088070BD410BD00BF94F85A00C00718BFAF
:1053800010BD2068BDE81040FFF7AEB9206801F0FD
:10539000FD0184F85A10BDE81040FFF7DBB80000AB
:1053A00010B5044600680021A4F85A10FFF79CF9D4
:1053B0002068BDE81040FFF775B9000010B504463D
:1053C0000068FFF72FF9062818BF10BD2068FFF707
:1053D000E9F800EE100A9FED2C1AB8EEC00A20681A
:1053E00020EE010A84ED120AFFF7D4F800EE100A4D
:1053F0009FED261AB8EEC00A20EE010A94ED0D1AB0
:1054000094ED125A94ED0E2A94ED0F3A94ED104A51
:1054100094ED116A31EE451A84ED130A23EE011A58
:1054200032EE400A31EE061A24EE000A30EE010A8E
:105430009FED171A84ED140A84ED150A20EE010A77
:10544000BDEEC00A10EE100A44F234418842A4F8BE
:10545000580009DC4BF6CB31CFF6FF71884206DCF1
:105460004BF6CC31CFF6FF710846A4F8581042F243
:105470009811C2F200010880002048802068096865
:10548000BDE81040FFF7DCB8C3B8323735FA8E3DBF
:1054900000E0B54400220021C4F2C8224FF07E5340
:1054A00080F83210C0E90D11C0E90F234164C0E952
:1054B000141181657047000010B504460068002192
:1054C0000022FFF739F82068FFF76CF800EE100AA9
:1054D0009FED041AB8EEC00A20EE010A84ED0D0A11
:1054E00010BD00BFC3B8323780B5FDF739FF44F6B1
:1054F000D351C1F26201A0FB0101080AFDF738FF98
:1055000040F20000C2F2000001684FF0FF300022BC
:10551000FDF7DEFE44F29C50C2F20000FFF77EFE73
:10552000BDE8804006F076BA0246007810B100204F
:10553000108170474FF6FF70814250881EBF091AD4
:1055400000EB11205080B2F90E30518980B2012B4E
:1055500006DB884206D891898842E8D309E000BF7B
:10556000884203D208201081704700BF9189884289
:10557000DDD8108910817047017819B1C08800B258
:10558000704700BF41880269891AB0F90E20808AED
:10559000514300EB114000B270470000017829B17F
:1055A0008188002202814180704700BFB0F90E203F
:1055B0000021012AB8BF4FF0FF3141807047000041
:1055C00080B590B00C900B910A920B9818B1FFE740
:1055D0000A9820B9FFE700208DF837005EE0FDF75C
:1055E0000BFD002005900690012007900C9901F119
:1055F0007841C90A08910990EFF3108072B60F90B4
:1056000006A805A9FDF750FB38B1FFE7FDF70EFC32
:1056100062B600208DF8370040E062B60B98049027
:105620000C9803900A980730C008ADF80A000020D3
:105630000190FFE70198BDF80A10884228D2FFE7E1
:10564000EFF3108072B60E900399049A019B02EB5F
:10565000C30052F8332043680020FDF7F3FB0146F6
:1056600043F22840C2F200000170007838B1FFE731
:10567000FDF7DCFB62B600208DF837000EE062B665
:10568000039808300390FFE7019801300190D1E7BB
:10569000FDF7CCFB01208DF83700FFE79DF83700C0
:1056A00010B080BD86B0ADF81600ADF81410ADF89E
:1056B0001220BDF8160000EE100AB8EE400A8DED7B
:1056C000020ABDF8140000EE100AB8EE400A8DED93
:1056D000010ABDF8120000EE100AB8EE400A8DED86
:1056E000000ABDF81600BDF81410884203DDFFE77C
:1056F000019802900AE0BDF81600BDF81210884229
:1057000003DAFFE700980290FFE7FFE79DED020A4A
:105710009DED002A30EE420A30EE000A9DED011A9E
:1057200031EE421A80EE010AB7EE001A30EE410A5D
:105730008DED030A9DED030AB4EE410AF1EE10FA75
:1057400004DDFFE74FF07E5003900FE09DED030A6C
:10575000BFEE001AB4EE410AF1EE10FA05DAFFE7E7
:105760000020CBF680700390FFE7FFE79DED030A72
:1057700006B070478178002908BF7047C168C288A9
:10578000B1F90C1083884A43002948BF5242991846
:10579000018170470288C1600281704700897047AB
:1057A00080B584B00390ADF80A10ADF80820ADF8CC
:1057B0000630BDF80A0003990884BDF80800039973
:1057C0004884BDF8060003994887BDF80A00039A8B
:1057D00011885288FFF766FF039880ED090ABDF82B
:1057E0000800039A9188D288FFF75CFF039880ED48
:1057F0000A0A0398FBF702FE039988860399888EAC
:105800000A891044C8860399C88E0A31FCF706F845
:10581000039981F83800039890F83810BDF90620F4
:10582000C38EFBF741FF039981F83900039991F882
:105830003900C0EB0040BDF90620104448F639623B
:10584000C3F6E302A0FB02204008A1F8400040F2AA
:105850001810C2F20000B0F97E00012808DBFFE753
:1058600003998A8E4FF6FF70801AA1F8440004E075
:105870000399888EA1F84400FFE70399B1F8480026
:105880000130A1F848000398B0F84800B0F5FA6F6D
:1058900014D1FFE7039890F8470078B9FFE7039821
:1058A000B0F8440000EBC00040F21811C2F2000151
:1058B00088600399012081F84700FFE7002004B0C9
:1058C00080BD000080B584B00390029102980088EA
:1058D000039908800298408803994880029880883C
:1058E000039988800298C0880399C880029800892B
:1058F0000399088103990020A1F84800039981F8D1
:1059000047000190FFE701980A280EDCFFE70298A4
:10591000019A00EB42004089039901EB4201488162
:10592000FFE7019801300190EDE7039800F008F8D7
:105930000399012081F84600002004B080BD0000DA
:1059400081B0009000990020088400994884009953
:105950004862009988620099C862009908630099BA
:1059600088860099C886009981F83800009981F8E6
:105970003900009948870099A1F840000099A1F8E2
:10598000440001B070470000B0F9220070470000E9
:10599000C08C7047B0F9060070470000C08B70479C
:1059A000B0F9040070470000808B7047018C0268DA
:1059B00041840021C0E90121816270478160704704
:1059C000418470470122C18402FA01F18184704749
:1059D000C1807047B0B5054601208840688347F60E
:1059E000FF700C46E98300FA01F1284600F016F832
:1059F00048F20100CFF6FF7000FA04F12846BDE836
:105A0000B04000F009B80000818070470122818316
:105A100002FA01F10183704701617047C16070476C
:105A200070B50246B0F90430B0F90600B2F914C0FE
:105A3000B2F9164003FB01FEC0B1D2E9025300FBEC
:105A400001F600FB015035400121C8F20001B5F11B
:105A5000FF3FC8BF0146002848BF0146994206DC07
:105A600013699942C8BF0B4601E000BF0023908B29
:105A7000D18B4EFA00F043FA01F10844844507DA6D
:105A80001FFA8CF4ACEB0001194420B2916070BD98
:105A9000211AD8BF0021A042C8BF0446194420B231
:105AA000916070BD816800238A68D1F8121021FBD3
:105AB0000231CA17B0F9003001EB1241C3EB2141AA
:105AC00001EB117103EB11110180704710B52DED41
:105AD000028B0446B0F9000000EE100AE068B8EE50
:105AE000C08A04F073FB00EE100AB8EE400A94ED91
:105AF000011A28EE000A21EE000ABDEC028B10BD4F
:105B000010B50129044605D0A1B9204600F020F9BE
:105B10000AE000BFB4F8600048B101380104A4F8FD
:105B200060001CBF002010BDE168204688470120AE
:105B300010BD00BF002010BD10B5044600F008F9EC
:105B4000012104F1780084F8821010BD014690F81C
:105B5000810000284FF000001CBF81F88100022066
:105B600091F88020002A1EBF4030002281F880205A
:105B700091F88220002A1EBF00F58060002281F883
:105B8000822070474B6C024643F4806048640121D8
:105B900002F1780082F8811082F8831070470000CB
:105BA00070B5B0F84E20B0F870400BB209145343F2
:105BB00061430022A2EB4106F117F51841EBE372B5
:105BC0005FEA52024FEA3505F21A61EBE3715FEAD0
:105BD00051014FEA3201B5F1FF3F4FEA940C13DD5A
:105BE00000292BD4012280F87A206A1AD31702EBFD
:105BF00093320CEBA24E90F886200EEB514CAEEB9C
:105C000055439AB3022115E0B1F1FF3F34DD002E78
:105C100046DD022180F87A10711BACEB914E69428F
:105C200090F886200EEB5143002A03EB564C5FD0D0
:105C30004FF400318165012271E000BF002E43DD89
:105C4000002280F87A20721A0CEB924E494290F8AA
:105C50007D20AEEB514CACEB56431AB990F8861050
:105C600000296FD00221C0F201013EE0A0F858C027
:105C7000A0F85AE01A4652E0042280F87A206A1A04
:105C8000D31702EB93320CEBA24E4942AEEB514CD0
:105C900090F886106A420EEB524379B301210FE06F
:105CA000032280F87A208A1BACEB924E0EEB514C0B
:105CB00090F8861072420CEB524329B34FF48031B6
:105CC000816502222BE000BF052180F87A10A91B14
:105CD0000CEB914E90F88610AEEB55437242A3EB5D
:105CE000524CB9B10121C0F202018165002216E0D7
:105CF000A0F858C0A0F85A30724610E0A0F858300A
:105D0000A0F85AE00AE000BFA0F85830A0F85AC046
:105D1000724604E0A0F858E0A0F85A3062462EEA35
:105D2000EE71A0F850102CEAEC71A0F85C20A0F8FD
:105D3000521023EAE3714269A0F85410BDE87040A4
:105D4000104700BFA0F858E0A0F85AC092E7000042
:105D5000416808478168084780B584B000F07EF844
:105D600000284FD1FFE70020ADF80E00FFE7BDF897
:105D70000E00052845DCFFE7BDF80E0000EB8001B2
:105D80004CF6E820C0F6000000EB8100029002987B
:105D9000007B00F00F0001460091062829D80099E9
:105DA000DFE801F004090E13181D220002980168B3
:105DB000006908701EE0029801680069087019E027
:105DC000029801680069088014E00298016800697F
:105DD00008800FE002980168006908600AE00298F4
:105DE00001680069086005E00298016800690860C0
:105DF00000E0FFE7FFE7BDF80E000130ADF80E0050
:105E0000B5E7FFE7FCF774F8E8B9FFE70020ADF865
:105E10000600FFE7BDF90600B0F5806F12DAFFE774
:105E2000BDF9061040F21810C2F2000000EB41016B
:105E30000020A1F88A00FFE7BDF806000130ADF8A8
:105E40000600E7E7FFE704B080BD000043F2C03082
:105E5000C2F20000007800F00100704780B588B001
:105E60004FF60000C0F60100069006980068042175
:105E7000C0F20101884204D0FFE700208DF81F0026
:105E800085E006980430182105F084FEADF8160070
:105E9000BDF816000699898B884204D0FFE70020E0
:105EA0008DF81F0073E00698043004900020ADF8D0
:105EB0000E00FFE7BDF80E00052864DCFFE7BDF823
:105EC0000E0000EB80014CF6E820C0F6000000EB6D
:105ED000810002900298007B00F00F0001460191C2
:105EE000062845D80199DFE801F0040D161F283176
:105EF0003A00049800780299096808700498043000
:105F0000049039E0049800780299096808700498B0
:105F10000430049030E004980088029909680880F1
:105F200004980430049027E00498008802990968D6
:105F300008800498043004901EE0049800680299D8
:105F40000968086004980430049015E0049800681B
:105F50000299096808600498043004900CE00498E1
:105F6000006802990968086004980430049003E00E
:105F7000049804300490FFE7FFE7BDF80E000130FD
:105F8000ADF80E0096E701208DF81F00FFE79DF8A1
:105F90001F0008B080BD000043F2C031C2F2000112
:105FA000012008707047000080B58EB00420C0F258
:105FB0000100069006A8043005900020ADF81200FC
:105FC000FFE7BDF81200052859DCFFE7BDF8120015
:105FD00000EB80014CF6E820C0F6000000EB8100E9
:105FE00003900398007B00F00F0001460191062802
:105FF00036D80199DFE801F0040B11181E242A009D
:106000000398006890F90000059908602DE0039856
:10601000006800780599086027E003980068B0F9E7
:1060200000000599086020E0039800680088059941
:1060300008601AE00398006800680599086014E099
:10604000039800680068059908600EE003980068EE
:1060500090ED000A0598BCEEC00A80ED000A04E04D
:1060600005994FF0FF300860FFE705980430059070
:10607000FFE7BDF812000130ADF81200A1E706A855
:1060800000900430182105F085FD0099ADF834002A
:106090004FF60000C0F601002022FFF791FA8DF8BC
:1060A0000B0043F2C031C2F20001002008709DF8DD
:1060B0000B0000F001000EB080BD0000016889688F
:1060C00041600021416170472DE9F04F0246D0E95F
:1060D0000003D2F824A0806803EB010CACEB000EA7
:1060E000B2F92000B2F9223080FB0E04000A01FB55
:1060F00003F940EA0468241218EBA92B44EBE97475
:10610000BAEB0B074FF0000777EB04004FF00000ED
:10611000B8BF0120DAF1000367F10006B3EB0B050D
:1061200076EB0405B8BF0127002F1CBF5B4626464F
:10613000002818BF534642F2107AA3FB0A454FEAE3
:10614000A920C2F804C057691061C2F808E0C2F87B
:106150001C8018BF002606FB0A50D360230C43EABC
:106160000040CB1B98277B43C2E90513BDE8F08FA5
:1061700010B5044642F24C10C2F2000094F85410DC
:1061800042F24D120078C2F2000201F0FC011278D6
:10619000084340EA4201206884F85410FEF742FAAE
:1061A000A0F10A0102290BD3062819D010BB94F8DC
:1061B0005400C0071ED02068BDE81040FEF780BA2A
:1061C00094F85400800758BF10BD2068FEF7C2F94C
:1061D00094F8540000F0FD0084F854000AE000BF79
:1061E00094F85400C00705D12068BDE81040FEF7C0
:1061F0007BBA00BF10BD0000B0B504460068FEF7D2
:1062000011FA062818BFB0BD94F8540041070DD408
:1062100000074DD4D4E90F10814257D0A06B012262
:1062200000F002F9E06B206450E000BF000725D4C5
:10623000B4F85020B4F84E10606B1346914238BF4A
:106240000B4688BF0A468283B4F8522047F6FF7196
:10625000C283B4F84C2001830121438380F83610B7
:10626000026003F0B9F894F8540040F00801206887
:1062700084F85410FEF796F9C4E91000606B03F03F
:10628000EFF8A16CD4E9103581FB0012606BC90BEB
:1062900041EA424190F837202944CD1AE163216454
:1062A000F2B101F0CBFBD8B12068FEF71DFA17E080
:1062B0002068FEF777F90146E063A06B216400F0E7
:1062C00077F8D4E90E01012200F0AEF894F85400FA
:1062D00000F0F701A06B84F8541000F0F5F80546C3
:1062E00020682946C06AFFF7EFFE43F2C235034635
:1062F000C2F20005206819B200222B80BDE8B04030
:10630000FEF71AB910B504460068C16AC069096889
:1063100002F038FD2068BDE81040FEF7C3B9000068
:1063200010B5044690F8540041071CD5B4F850202D
:10633000B4F84E10606B1346914238BF0B4688BFCD
:106340000A468283B4F8522047F6FF71C283B4F83C
:106350004C2001830121438380F83610026003F052
:106360003BF894F8540000F0040100F0F70040EA14
:106370004101206884F8541000210022FEF7DCF867
:106380002068FEF70FF90146C4E90F00A06B6164B5
:1063900000F00EF82068C06ABDE81040FFF78EBE1E
:1063A00001688068401AB0FA80F040097047000028
:1063B000B0B541F210020244B2F91230012B1FFABB
:1063C00083FE25DBBEF1040F03F0030C02D2002391
:1063D0000DE000BF47F6FC741C40002300EB830572
:1063E00004339C42C5E903116961A961F6D1BCF18E
:1063F000000F0DD000F10C04BCF1010F44F8231084
:1064000006D004EB8303BCF1020F596018BF9960FA
:106410000FFA8EF383FB0134C0E900118160002084
:10642000C2E900341082B0BD70B541F2100300EB38
:10643000030592B90268836893420DD100220E468B
:1064400041F20C01C5E900222A820446FAF73DF820
:106450002046314601E000BF11444268AB689142DA
:10646000B8BF5B42EB60016070BD000080B541F2D7
:10647000100100234218435041F20C015360138273
:10648000FAF723F880BD0000B1F5806F0A4628BFF7
:106490004FF48062002941F2220108BF01224252DA
:1064A0007047000080B541F2180C002948BF4942EE
:1064B000D0E9003200EB0C0E40F80C109342B8BF4C
:1064C0004942CEF8041080BD2DE9F0410446006831
:1064D000D4E9015841F21001854204EB010308D0D0
:1064E000D9680D440029656026D4854201DD054642
:1064F0006060B3F91020D3E9001704EB8206F0685E
:10650000F560091A67EBE077481947EBE571571C0E
:10651000B3F912201F823FB2C3E900019742A4BF22
:1065200000271F82D317F9F7FDFE0146A0EB0800F4
:10653000A160BDE8F08100BF8542D8DBD9E700004B
:106540004FF6C071C3F6FF71826801F100531A4023
:1065500082608268D20031D481B0826801F14053F8
:106560001A4042F08052826041F62862C2F2000274
:10657000126842F663539209C0F23E53A2FB032312
:106580006FF0010202EA53120092009AAAB100BF12
:10659000009A013A0092009A7AB1009A013A009268
:1065A000009A52B1009A013A0092009A2AB1009AD8
:1065B000013A0092009A002AEAD101B082681140A3
:1065C00001F10041816000BF8168B1F1FF3F0ADC49
:1065D0008168B1F1FF3F06DC8168B1F1FF3F02DC69
:1065E00081680029F0D40168C9074FF6C071C7F669
:1065F000FF711FD182680A4042F001028260026886
:10660000D20717D182680A4042F001028260026814
:10661000D2070FD182680A4042F00102826002680C
:10662000D20707D182680A4042F001028260026804
:10663000D207DFD082680A4042F008028260826896
:106640000A4042F0200282608268920609D5826880
:10665000920644BF82685FEA826202D5826892062F
:10666000F2D4C26C012363F3C812C26482684FF68D
:10667000FF730A4042F008028260C268C7F6DF7307
:106680001A4002F50012C260026B22F00F02026390
:106690008268114041F00401816070472DE9F047A4
:1066A00082B00446D0F89C006169056820684FF00C
:1066B0000008264601900091C4E92288C4F8908021
:1066C00006F8988F286A40F2555920EA0900286296
:1066D00046F60110C0F60000206047F2DD40C0F62B
:1066E000000060618020A4F896004FF0040A204664
:1066F00084F899A084F87AA000F07EFFD4F89C007A
:1067000004F1560790F8A42028463946334605F090
:1067100003FB204600F04CFF46F65510C0F6000083
:1067200086F800802060204684F8998084F87A807A
:1067300000F062FFD4F89C00394690F8A420284667
:10674000334605F0E9FA204600F032FF04F18802F2
:1067500007CA04F1880300090909120907C30120C7
:1067600084F87F000198206000986061A86920F09B
:106770000800A861A86920F40060A861E86920F019
:106780000800E861B4F8940040086863A863E8630F
:10679000A86940F00800A861A86940F40060A861F9
:1067A000E86940F00800E861286A40EA09002862C8
:1067B00084F87AA084F8838002B0BDE8F0870000F6
:1067C000D0E92223D0F89000C1E900238860704707
:1067D000B0B5D0F89C2090F87A30D2F800E002EB07
:1067E0008302D2F870C0D2F88840DCF88020D4F858
:1067F00080C0DEF804404FF68F75CFF6FF552C4071
:10680000052BCEF8044067D8012505FA03F313F0F1
:10681000060F1FD113F0180F36D0D0E9223448F2FA
:10682000010E9B1A47F6FF729342CFF6FF7EB8BF68
:106830001A467245A4EB0C03D8BF724613F5004FFD
:106840000A803CDDB3F5004FA8BF47F6FF734B80CD
:106850004DE000BFD0F88830D0F890409A1A47F643
:10686000FF7348F2010E9A42A8BF1A46CFF6FF7E88
:106870007245D8BF72461444ACEB040CBCF5004F13
:106880000A8019DB4B8032E0D0E9233448F2010E54
:106890009B1A47F6FF729342A8BF1346CFF6FF7EBE
:1068A0007345D8BF73461C44ACEB040CBCF5004FD9
:1068B0004B8009DB0A801AE01CF5004F10DC48F21F
:1068C0000103A1F802E012E01CF5004F0CDC48F2D5
:1068D0000102A1F800E00AE00A884B8807E000BF47
:1068E0006346A1F802C002E0A1F800C06246D118D8
:1068F0004942A0F86220A0F86430A0F86610B0BD4C
:1069000010B5D0F89C2090F899C0136802EB8C0267
:10691000D2F870C0D2F88820DCF880E0D2F880C0CD
:106920005A684FF68F74CFF6FF5422405A6090F8A1
:1069300098200F2A0AD8D0E9222372446344C0E980
:10694000222390F89820013280F8982000200860D7
:1069500010BD000080B5D0F89C2090F8993002EB73
:106960008303D3F888301268D3F880C0D2F804E0EB
:106970004FF68F73CFF6FF5303EA0E03536090F880
:1069800098200F2A09D8D0F890206244C0F89020AF
:1069900090F89820013280F898200020086080BD8F
:1069A0002DE9F04F85B0D0F89C2003905369D2E9CF
:1069B0000856D2F870A002F1080E0293CDE90056F5
:1069C000D2E900709EE80241D2E9063BD2F88890F5
:1069D000DAF804C02CF00404CAF804400424CAF80D
:1069E0000040DAF8046026F02006CAF80460202689
:1069F000CAF80060D9F8045025F00405C9F804501D
:106A0000C9F80040D9F804504FF4005425F020058F
:106A1000C9F80450C9F8006042F60046C4F2010605
:106A2000B74242F21006CEF20406356808BF4FF4B2
:106A300000642543356070B1D0E900658069346831
:106A400044F0010434602E6846F001062E600668AA
:106A500046F00106066071B192F8A500012818BF42
:106A6000002B40F0FF80086840F0010008600868D3
:106A700040F000400860B8F1000F13D092F8A60073
:106A8000012818BFBBF1000F40F03881D8F8000092
:106A900040F00100C8F80000D8F8000040F00040C5
:106AA000C8F80000DDF80C80BEF1000F13D092F89A
:106AB000A700009C012818BF002C40F06D81DEF873
:106AC000000040F00100CEF80000DEF8000040F0C9
:106AD0000040CEF80000029D7DB192F8A800019C14
:106AE000012818BF002C40F0A181286840F0010067
:106AF0002860286840F000402860DAF80800C007E5
:106B000002D15046FFF71CFDD9F80800C00702D19A
:106B10004846FFF715FD4FF47A700490386820F06E
:106B20000100386079684FF68F70CFF6FF50014052
:106B300020317960B96941F00801B961B96941F45E
:106B40000061B961F96941F00801F961F96941F43D
:106B50000061F961796941F001017961D8F89C100F
:106B600091F8A920022A11D191F8AA20012A17D15F
:106B700091F8A410032913D101213963796941F0F7
:106B800001017961032139630AE000BF98F8782098
:106B900052B991F8A410032900F06482012903D1AD
:106BA000B8F89410013979627968084040F07000B3
:106BB00078606FF08000386138690499002918BF47
:106BC00010F480701ED1F86840F2555140F08000FA
:106BD000F860386A084338626FF001003861F8687D
:106BE00040F00100F8608020A8F896004020CAF824
:106BF0000000DAF8040040F04000CAF8040005B0D4
:106C0000BDE8F08F6FF48070386104990139049108
:106C10003969049A002A18BF11F48071D3D0386101
:106C20000499013904913969049A002A18BF11F4B2
:106C30008071C8D038610499013904913969049A86
:106C4000002A18BF11F48071BDD038610499013950
:106C500004913969049A002A18BF11F48071D3D1C4
:106C6000B1E700BF906AB2F8A0C0C0F3035503EBD0
:106C70008505AC684FF6F076B44344EA0C06AE6086
:106C80005E6800F003052E435E601E6800F0100091
:106C9000012505FA00F0064200F0128141F6286055
:106CA000C2F2000000684DF68363C4F21B33A0FB00
:106CB0000303D80C00EB40000490049800283FF434
:106CC000D2AE00BF049801380490049800283FF425
:106CD000CAAE049801380490049800283FF4C3AE6B
:106CE000049801380490049800283FF4BCAE04983E
:106CF0000138049004980028E4D1B4E6D06AB2F8D0
:106D0000A010C0F303530BEB83039E684FF6F0759E
:106D1000AE4331439960DBF8041000F003031943DC
:106D2000CBF80410DBF8001000F01000012303FA88
:106D300000F0014200F0F88041F62860C2F2000045
:106D400000684DF68361C4F21B31A0FB0101C80C41
:106D500000EB40000490049800283FF497AE00BF79
:106D6000049801380490049800283FF48FAE0498EA
:106D700001380490049800283FF488AE0498013844
:106D80000490049800283FF481AE049801380490E0
:106D900004980028E4D179E6106BB2F8A010C0F393
:106DA000035304EB83039E684FF6F075AE43314303
:106DB0009960616800F0030319436160216800F085
:106DC0001000012303FA00F0014200F0E38041F6D5
:106DD0002860C2F2000000684DF68361C4F21B31E6
:106DE000A0FB0101C80C00EB4000049004980028AF
:106DF0003FF465AE049801380490049800283FF4ED
:106E00005EAE049801380490049800283FF457AE11
:106E1000049801380490049800283FF450AE049878
:106E20000138049004980028E4D148E6506BB2F889
:106E3000A210C0F3035204EB820293684FF6F0767F
:106E4000B34319439160616800F00302114361602C
:106E5000216800F01000012202FA00F0014200F067
:106E6000CD8041F62860C2F2000000684DF68361D3
:106E7000C4F21B31A0FB0101C80C00EB40000490E0
:106E8000049800283FF431AE049801380490049827
:106E900000283FF42AAE0498013804900498002892
:106EA0003FF423AE049801380490049800283FF47E
:106EB0001CAE04980138049004980028E4D114E62C
:106EC0001E683043186041F62860C2F20000006876
:106ED0004DF68363C4F21B33A0FB03036FF007007E
:106EE00000EA13400490049800283FF4BCAD00BFB2
:106EF000049801380490049800283FF4B4AD049835
:106F000001380490049800283FF4ADAD049801388E
:106F10000490049800283FF4A6AD0498013804902A
:106F200004980028E4D19EE5DBF800100843CBF874
:106F3000000041F62860C2F2000000684DF683614F
:106F4000C4F21B31A0FB01016FF0070000EA114001
:106F50000490049800283FF499AD00BF04980138CC
:106F60000490049800283FF491AD049801380490EF
:106F7000049800283FF48AAD0498013804900498DE
:106F800000283FF483AD0498013804900498002849
:106F9000E4D17BE521680843206041F62860C2F215
:106FA000000000684DF68361C4F21B31A0FB0101B3
:106FB0006FF0070000EA11400490049800283FF4A5
:106FC0007EAD00BF049801380490049800283FF477
:106FD00076AD049801380490049800283FF46FAD12
:106FE000049801380490049800283FF468AD049890
:106FF0000138049004980028E4D160E52168084332
:10700000206041F62860C2F2000000684DF68361FE
:10701000C4F21B31A0FB01016FF0070000EA114030
:107020000490049800283FF460AD00BF0498013834
:107030000490049800283FF458AD04980138049057
:10704000049800283FF451AD049801380490049846
:1070500000283FF44AAD04980138049004980028B1
:10706000E4D142E501213963796941F00101796197
:107070000321396398E5000090F87E10002908BFCD
:10708000704780B5D0F89C104FF68C7C0968CFF61D
:10709000FE7C8A6948F6FF4E02EA0C0260328A6181
:1070A0000A6ACFF6FF6E42F001020A6290F87B2076
:1070B000022A27D0012A4BD10A6A42F004020A624E
:1070C000B0F8942052084A638B6903EA0E0343F434
:1070D000C0438B610B6A43F010030B620B6A43F0F1
:1070E00040030B628A63CB6903EA0C0343F060033D
:1070F000CB610B6A43F480730B620B6A43F48063C9
:107100003EE000BF0A6A22F004020A62B0F894204E
:1071100052084A638B6903EA0E0343F4C0438B6150
:107120000B6A43F010030B620B6A23F040030B62FF
:107130008A63CB6903EA0C0343F06003CB610B6AFB
:1071400043F480730B620B6A23F4806318E000BF82
:10715000B0F8942052084A638B6903EA0E0343F4A3
:10716000C0438B610B6A43F010030B628A63CB69E7
:1071700003EA0C0343F06003CB610B6A43F48073B2
:107180000B62CA6347F2357246F2D171C0F6000253
:1071900047F2B153C0F60001026147F2F952C0F65E
:1071A0000003C0F60002C0E900130021826080F8ED
:1071B0007E10BDE88040704790F87E10002950D1C5
:1071C000D0F89C104FF68C7C0968CFF6FE7C8B695A
:1071D00003EA0C0360338B610B6A43F001030B621B
:1071E0000B6A23F004030B6200234B6390F87B309F
:1071F000022B13D0012B22D18B6948F6FF42CFF628
:10720000FF621A4002F580528A610A6A22F0100277
:107210000A620A6A42F0400310E000BF8A6948F639
:10722000FF43CFF6FF631A4002F500528A610A6AF3
:1072300042F010020A620A6A22F040030B62CA6935
:1072400002EA0C0242F07002CA610A6A22F48072F9
:107250000A620A6A22F480620A62D0F88C10C0F8CE
:10726000881047F2F13247F20D31C0F6000247F2C2
:10727000B153C0F60001026147F25D32C0F600036F
:10728000C0F60002C0E900130121826080F87E1080
:107290007047000080B5B0F89430D0F89C20594376
:1072A00012684FEA114EA0F850E0D2F81CC048F620
:1072B000FF41CFF6FF6101EA0C0101F5E041D16128
:1072C000B0F87410591A1164B0F876104FF68F7335
:1072D000D163C2F834E05168CFF6FF5319407031E2
:1072E0005160032180F87A1051687022C0F20022A8
:1072F0001140B0F8562018BF0121012A02BF002119
:10730000A0F856100121084680BD000080B5D0F8D5
:107310009CE04FF68F72DEF80030CFF6FF52D3F8C4
:1073200004C002EA0C025A6090F87A20D0F88C006F
:107330000EEB8202D2F88820D2F88020801A47F61D
:10734000FF729042B8BF024648F20100CFF6FF70CC
:107350008242D8BF02460A804A8080BDD0F89C1085
:107360004FF0010C0A68916921F008019161D1691F
:1073700021F40061D161C2F834C0B0F89430053B0B
:107380001364936943F008039361D36943F4006382
:10739000D361536C43F480635364536C43F40043F0
:1073A000536490F87B30022B1CD180B5116AD0F861
:1073B0003CE0B0F8483040F25552114206D0CEF8C9
:1073C0001830016CB0F84A208A6105E0CEF8283008
:1073D000016CB0F84A208A62416CB0F84C208A6295
:1073E000BDE88040032180F87A1080F884C070479F
:1073F000D0F89C1009688A6922F008028A6100228C
:107400004A638A6942F008028A614A6C42F4004287
:107410004A6490F87B10022918BF704700F13C0CB9
:10742000B0F848109CE80C109161B0F84A109962CD
:10743000B0F84C00CCF828007047000080B5D0F8B8
:107440009C1009688A6922F008028A618A6922F41C
:1074500000628A61CA6922F00802CA61CA6922F41C
:107460000062CA6100224A638A63CA63B0F894204A
:10747000053A0A648A6942F008028A618A6942F41C
:1074800000628A61CA6942F00802CA61CA6942F4AC
:107490000062CA614A6C42F480624A644A6C42F4F7
:1074A00000424A6490F87B20022A0ED100F13C0E83
:1074B000B0F848209EE808509A61B0F84A20CCF80D
:1074C0001820B0F84C20CEF81820032280F87A203B
:1074D000086A40F48050086280BD000090F899105E
:1074E000D0F89C2080F87A101168B0F85020B0F8DD
:1074F00094304A63B0F852208A63B0F854005A1EA0
:10750000C86390B2086448687021C0F20021084046
:1075100018BF01207047000010B5B0F894E0B0F833
:107520005830D0F89CC0AEEB0302BCF8681092B2A1
:107530008A4205D9042180F87A10AEF1010316E0E1
:10754000B0F85A401C1BA4B2B4EB420F04D9BCF8EB
:107550006A105B1A0BE000BF0B4499B2714506D369
:107560004FF48071A0F89610D94301EB4E03DCF87C
:107570000010B0F850204A63B0F852208A63B0F887
:107580005400C86398B2086448687021C0F20021B2
:10759000084018BF012010BDD1E900238968C0E967
:1075A0002223C0F89010012180F87F10704700005E
:1075B000D0F89C100022096880F8842080F87C2094
:1075C0004A6C22F400424A6490F8831001B170477B
:1075D00090F87B10022918BF704700F13C0CB0F8FE
:1075E00048109CE80C109162B0F84A109962B0F80B
:1075F0004C00CCF828007047D0F89C100022096895
:1076000080F87C208A6922F008028A618A6922F463
:1076100000628A61CA6922F00802CA61CA6922F45A
:107620000062CA61B0F894205308053A4B638B633B
:10763000CB630A648A6942F008028A618A6942F46B
:1076400000628A61CA6942F00802CA61CA6942F4EA
:107650000062CA614A6C42F480624A644A6C42F435
:1076600000424A6490F87B20022A12D10B6AD0F8BB
:107670003CC0B0F8482040F255510B420ED0CCF837
:107680001820B0F84A10D0E910239161B0F84C10DE
:107690009961012180F88410704700BFCCF8282040
:1076A000B0F84A10D0E910239162B0F84C109962FA
:1076B000012180F884107047B0B5D0F89C200146B5
:1076C000D2E900C091F87A30B8B100EB830EDEF851
:1076D0003040651C06D050F82300056825F48675F7
:1076E0002C430460DEF84800441C06D0DEF8185035
:1076F0002C6824F486742043286002EB8302B1F8DE
:107700009600936B156F0343D2F88840EB64126DBB
:107710001043E064DCF804004FF68F72CFF6FF529E
:1077200010407030CCF80400802201F17800A1F8FC
:107730009620B0BDD0F89C200123126880F87C30E0
:10774000936923F008039361936923F400639361C1
:10775000D36923F00803D36151639163D1639169C5
:1077600041F008019161916941F400619161D16931
:1077700041F00801D161516C41F40041516490F82D
:107780007B10022918BF704700F13C0CB0F848107C
:107790009CE80C109161B0F84A109961B0F84C0067
:1077A000CCF818007047000042F2CC00C2F2000092
:1077B0000178002908BF70474178012200EB810061
:1077C0004068037A006803EB43014FEA836C9A40F8
:1077D000092B4FEA015305D842EA030141EA0C01A3
:1077E00007E000BFA3F1F07141EA0C01114341F041
:1077F0000071026B890E61F38A120263016C04212D
:10780000016081684FF6C072C7F6FF721140043103
:107810008160704742F2CC0CC2F2000C9CF8001060
:10782000002908BF704780B59CF801200CEB82004E
:10783000D0F804E0DEF8000003685B0704D5006CB4
:1078400020F00F00AEF80A00481E801A18BF501C26
:107850008CF80100BDE8804070470000B0B542F2EE
:10786000CC02C2F200021578032D00F2848002EBF4
:10787000850358606B1C1370026805739368DB07FF
:107880004ED153684FF6C07E23F0040353600423A7
:107890001360D2F804C0C7F6FF7E2CF020035360BB
:1078A00020231360D2F808C00EF1404303EA0C0312
:1078B00003F10043936000BF9368B3F1FF3F11DC15
:1078C0009368B3F1FF3F0DDC9368B3F1FF3F09DC30
:1078D0009368002BF0D405E0936803EA0E0343F0AD
:1078E000010393601368DB071AD1936803EA0E0360
:1078F00043F0010393601368DB0711D1936803EA37
:107900000E0343F0010393601368DB0708D193680B
:1079100003EA0E0343F0010393601368DB07DBD037
:10792000136B012123F00F031363037A092B07D88C
:10793000994041EA836103EB430341EA03530CE0BE
:1079400001FA03FC002103EB4303CFF6206101EBB6
:10795000035141EA0C0141F00073C3F3406102EBB3
:10796000810140684A69C3F3045307249C40A24341
:107970009840104348610020042D38BF0120B0BD5D
:107980000146D0E90220022804D30B6901381A44C9
:1079900006E000BF012804D148684A69424300203C
:1079A000C86048698A6092FBF0F070472DE9F047A3
:1079B0000E46044662B3A0686169914690FBF1F7F8
:1079C000A6EB0708404603F02FF88246384603F03E
:1079D0002BF80546304603F027F8216844F6D352C9
:1079E00001FB09F1C1F26202A1FB0212AA4538BFF4
:1079F00055460121854228BF054601EB921105FB42
:107A000008F292FBF1F205FB07F0666007E000BFA9
:107A1000304603F009F8054670430021002204F1C6
:107A2000080307C301206561BDE8F087002101223A
:107A3000C0E90111C0E9031142617047C068B0FAA2
:107A400080F040097047000070B5A1F108064907B1
:107A500041EAD60104290FD8DDF810E0DFE801F093
:107A600004101E2A700000BFBEF1010F1EDB0120B2
:107A700018800520C0B270BD0720C0B270BD00BF25
:107A8000BEF1020F12DBA0F565604FF6BF71084032
:107A900018BF05200221C0B2198070BDBEF1040FCD
:107AA00004DB042018800520C0B270BD0820C0B2DD
:107AB00070BD00BF602855D0202840F09180012083
:107AC0004CF2065C1880C0F6000C9CF80000002800
:107AD00000F0B380012400211FFA8EFEA4B2744589
:107AE00080F0948050541C880CEB0100661C1E80B2
:107AF00045785418002D00F08D80B6B2764580F0A0
:107B0000858065701D886E1C1E808578002D00F0B4
:107B10008D80B6B2764579D2A5701D886E1C1E8008
:107B2000C578002D7CD0B6B276456FD2E5701C8842
:107B3000043101341C8000790028CFD14AE000BF15
:107B4000282809D10A20BEF10C0F10804ED208203F
:107B50000C21C0B2198070BD1088811C0520C0B2F4
:107B6000198070BD01204CF2E64C1880C0F6000C64
:107B70009CF80000002860D0012400211FFA8EFE2E
:107B8000A4B2744542D250541C880CEB0100661C10
:107B90001E8045785418EDB3B6B2764536D265707E
:107BA0001D886E1C1E808578002D45D0B6B27645A6
:107BB0002CD2A5701D886E1C1E80C57885B3B6B208
:107BC000764523D2E5701C88043101341C8000798D
:107BD0000028D5D10A4400201070C0B270BD00BF8B
:107BE000002018800520C0B270BD00BF4CF6603088
:107BF000C0F60000018902321181416800685160BD
:107C0000106000200C21C0B2198070BD0620C0B2E7
:107C100070BD00BF621C00201070C0B270BD00BFFC
:107C2000E21C00201070C0B270BD00BFA21C00207A
:107C30001070C0B270BD00BFA21C00201070C0B296
:107C400070BD0000F0B581B01746A1F108024907E8
:107C500041EAD202042A19D801461C46069BDFE8F5
:107C600012F0050019009900B9000301012BC0F2C0
:107C7000AD80882900F07481482940F07D8140F66C
:107C80003430C2F20000FCF7CDFC6FE1072001B0F8
:107C9000F0BD00BF022BC0F29980A1F190004FEA25
:107CA000B011692900F22C820020DFE811F06B008E
:107CB0001902210229022F0237023F02290247023C
:107CC0004F02570229022902290229022902290208
:107CD0002902290229025F026702290229022902D8
:107CE00029022902290229026F0277027F028702F4
:107CF0008F0297029F02A702AF02B702BF02C7021C
:107D0000D502DB02290229022902290229022902BD
:107D10002902290229022902290229022A022A0209
:107D200029022902290229022902290229022902FB
:107D300029022902290229022902290229022902EB
:107D4000290229022902E302EB02F302FB020303E8
:107D50000B0313031B0323032B0333033B034303D3
:107D60004B0353032902290229022902290229026D
:107D700029022902290229022902290229022902AB
:107D80005B0300BF40F6D030C2F20000FDF708FEF2
:107D90005BE200BF042B19DB97294FF0050040F38D
:107DA000F180982900F04E8140F65822914200F06F
:107DB000538141F65832914240F0648141F6D870C7
:107DC000C2F200000068FDF781FE4FE1082001B01B
:107DD000F0BD00BFE02900F07180A02940F0B6801E
:107DE00040F6D840C2F20000D0F800C00120208048
:107DF0009CF80060002E00F06E8100219AB280B2E3
:107E0000904280F0A9807E5420880CEB0103451C31
:107E1000258058787E18002800F04A81ADB295423E
:107E200080F09A8070702088451C25809878002802
:107E300000F04A81ADB2954280F08E80B07020880B
:107E4000451C2580D878002800F03881ADB29542D5
:107E500080F08280F07020880431013020801E790B
:107E6000002ECCD16CE000BFA1F168004FEAB01148
:107E70000C294FF0050000F21681BA1CDFE811F062
:107E80000E008E009800AA001301B000C400130178
:107E90001301130113011301D20000BF3C203E2B3C
:107EA0003880C0F09B8040F66430C2F20000016868
:107EB00010463C22F8F770FAF4E000BF40F6643058
:107EC000C2F20000D0F800C0012020809CF824609D
:107ED000002E00F0008100219AB280B290423BD285
:107EE0007E5420880CEB0103451C258093F8250067
:107EF0007E18002800F0DC80ADB295422CD2707064
:107F00002088451C258093F82600002800F0E28098
:107F1000ADB2954220D2B0702088451C258093F8E0
:107F20002700002800F0CA80ADB2954214D2F0704C
:107F3000208804310130208093F82860002ECCD1B5
:107F40000F440020387001B0F0BD00BF0020208039
:107F5000052001B0F0BD00BF062001B0F0BD00BF9C
:107F600040F63430C2F20000FCF718FB38700020F5
:107F70000121218001B0F0BD05200121218001B047
:107F8000F0BD00BF182975D0582940F07B8040F61D
:107F90003430C2F20000FCF7FDFA59E01020122B39
:107FA00038801BD340F27000C2F20000006871E01C
:107FB0000E20102B388011D340F62020C2F2000092
:107FC000006881899181016883684068936050608E
:107FD00067E000BF0C200E2B388057D2082062E0EB
:107FE00040F63436C2F200063046FCF70DFB00EBDB
:107FF00040004000C7F802003046FCF703FBF88061
:10800000062038804EE000BF40F634360420C2F22D
:10801000000638803046FCF7FBFA78803046FCF7E3
:10802000F1FA0DE040F634360420C2F20006388042
:108030003046FCF7E3FA78803046FCF7DFFA000CB4
:10804000B8802FE040F63430C2F20000FCF7E4FACA
:1080500000EB4000400013E040F63430C2F2000074
:10806000FCF7A0FA00EE100AB8EEC00A87ED000A8D
:1080700007E000BF40F63430C2F20000FCF796FA89
:10808000386000200421218001B0F0BD41F6E87085
:10809000C2F2000001684368C6688068D6609060DC
:1080A00053601160002039880231218001B0F0BD99
:1080B000771C0020387001B0F0BD00BFF71C002015
:1080C000387001B0F0BD00BFB71C0020387001B09F
:1080D000F0BD00BFB71C0020387001B0F0BD00BF7C
:1080E00040F6D030C2F20000FDF754FCADE000BF16
:1080F00040F6D030C2F20000FDF746FCA5E000BF1C
:1081000005200221218001B0F0BD00BF40F6A4305F
:10811000C2F20000FDF744FC97E000BF40F6A43037
:10812000C2F20000FDF736FC8FE000BF40F6A4303D
:10813000C2F20000FDF728FC87E000BF40F678306F
:10814000C2F20000FDF72CFC7FE000BF40F6783063
:10815000C2F20000FDF71EFC77E000BF40F6783069
:10816000C2F20000FDF710FC6FE000BF40F2B40067
:10817000C2F2000002F02AF867E000BF41F63C605E
:10818000C2F20000FDF7F8F95FE000BF40F63430BE
:10819000C2F20000FCF710FA57E000BF40F634309E
:1081A000C2F20000FCF708FA4EE000BF40F634309F
:1081B000C2F20000FCF704FA47E000BF40F634309A
:1081C000C2F20000FCF7FCF93EE000BF40F634309C
:1081D000C2F20000FCF7F8F937E000BF40F6343097
:1081E000C2F20000FCF7F0F92EE000BF40F6343098
:1081F000C2F20000FCF702FA27E000BF40F634307C
:10820000C2F20000FCF7FAF91EE000BF40F634307D
:10821000C2F20000FCF710FA17E000BF40F634305D
:10822000C2F20000FCF708FA0EE000BF40F634305E
:10823000C2F20000FCF7FCF907E000BF40F6343062
:10824000C2F20000FCF7F4F9000C38800020022193
:10825000218001B0F0BD00BF40F21810C2F2000052
:108260008088F2E740F21810C2F2000000F0A6FC8D
:10827000EBE700BF40F6FC30C2F20000FDF790FBD8
:10828000E3E700BF40F6FC30C2F20000FDF782FBDE
:10829000DBE700BF40F6FC30C2F20000FDF774FBE4
:1082A000D3E700BF40F6D030C2F20000FDF77CFB00
:1082B000CBE700BF40F6D030C2F20000FDF76EFB06
:1082C000C3E700BF40F6D030C2F20000FDF760FB0C
:1082D000BBE700BF40F67830C2F20000FDF764FB58
:1082E000B3E700BF40F67830C2F20000FDF756FB5E
:1082F000ABE700BF40F67830C2F20000FDF748FB64
:10830000A3E700BF40F6A430C2F20000FDF74CFB2B
:108310009BE700BF40F6A430C2F20000FDF73EFB31
:1083200093E700BF40F6A430C2F20000FDF730FB37
:108330008BE700BF40F6FC30C2F20000FDF734FBD3
:1083400083E700BF40F6FC30C2F20000FDF726FBD9
:108350007BE700BF40F6FC30C2F20000FDF718FBDF
:1083600073E700BF40F66830C2F20000B0F90800C1
:108370006421032300FB01F2C8F2010352FB03F264
:1083800010FB0120810B01EBD0705EE7A1F1080C1E
:10839000490741EADC01042910D880B58646DDF89A
:1083A00008C0DFE801F0030F1F2759000520012155
:1083B000BEF1480F08BF0420198080BD002018803E
:1083C00007207047BEF5656F5CDBBEF5656F4FF04B
:1083D00000005ED0BEF5696F5BD041F6583086452F
:1083E00056D05BE00520BEF1180F08BF0420042121
:1083F000198080BD01201880117800295FD01FFAF4
:108400008CFC80B2604547D211701888411C1980DD
:108410005078002846D089B261453DD25070188806
:10842000411C19809078002842D089B2614533D22E
:1084300090701888411C1980D07800283ED089B2ED
:10844000614529D2D07018880130188012F8041FB5
:108450000029D6D133E000BF10881FFA8CF2023019
:1084600081B29142188003D9002018800A2080BD73
:10847000AEF128004FEAB0110520042938BF0420CE
:1084800080BD00BFBEF5B26F02D0BEF5BA6F05D198
:1084900004200221198080BD042080BD0520022116
:1084A000198080BD013200201070042080BD00BF03
:1084B000023200201070042080BD00BF0332002073
:1084C0001070042080BD000070B51C46A1F10803A7
:1084D000490741EAD301042926D8049BDFE801F0CB
:1084E000042A5272AC0000BFB0F5A96F4FF0040629
:1084F00080F2B080482800F07282882840F0A48181
:1085000010780138032800F26982DFE810F00500D6
:10851000590261026D0200BF40F63430C2F2000021
:10852000FCF7B4F85AE200BF00200726208030464E
:1085300070BD00BF1588B0F5256FC0F2CB8041F249
:10854000CF41884240F3EE8041F24F61884200F310
:10855000298141F28F51884200F38E8141F2D0414E
:10856000884200F0538241F21051884200F0548258
:1085700041F25051884240F0D98240F67830C2F240
:108580000000ACE118284FF0040500F0C380582823
:108590004FF0040613D0982840F0C080B2F90000D4
:1085A00042F6AB214843010C01EBD07001B240F61A
:1085B0003430C2F2000000220026FBF7BDFF304637
:1085C000258070BD012020801178002900F04F81A6
:1085D000012698B2B3B2834280F09A80117021884C
:1085E0004B1C23805178002900F034819BB28342D8
:1085F00080F08E80517021884B1C23809178002957
:1086000000F02E819BB2834280F08280917021889D
:108610004B1C2380D178002900F028819BB2834233
:1086200080F07680D17021884E1C268012F8041FBD
:108630000029CFD11BE100BF114631F8026B9BB27C
:108640000236B5B29D42268010D9002020800A2033
:1086500070BD00BFB0F5A96F00F0C181B0F5B16F7A
:1086600018BF052601202080304670BD28384FEA0B
:10867000B010142800F252810426DFE810F0150033
:108680001500150015004F014F01170051014F0152
:108690004F014F014F014F015D0167014F014F0134
:1086A0004F014F014F01770141E700BFD2F80200AF
:1086B0004AF6AB21C2F6AA2150FB01F000EBD070C4
:1086C000D28801B240F63430C2F20000FBF734FF2A
:1086D000002070BDB0F5F26F44DAB0F5047F7BDBAB
:1086E000B0F5447F80F2DC80B0F5047F00F09A8121
:1086F000B0F5247F00F09E81B0F5347F40F0168203
:1087000040F6783029B2C2F20000FDF761F908E2C4
:10871000042070BD0420258070BD00BF05263046B2
:10872000258070BDB0F5696F4FF000066ADB41F23D
:108730000F41884200F3C080B0F5696F00F0F2810C
:1087400041F29031884200F07B8141F2D031884281
:1087500040F0EC8140F6FC3029B2C2F20000FDF797
:1087600037F9DEE1B0F50D6F5EDBB0F5196F80F221
:10877000BB80B0F50D6F00F01E81B0F5116F00F0F9
:108780001A81B0F5156F40F0D18140F63436C2F24F
:1087900000063046FBF732FF4FF6FF718843411960
:1087A0009BE100BF41F20F71884200F3A78041F2C4
:1087B0005061884200F04A8141F29061884200F0A5
:1087C0004B8141F2D061884240F0B08140F6FC30EC
:1087D000C2F2000083E000BFB0F5887FC0F2CE8017
:1087E00000F04081B0F5C87F00F04481B0F5E87F2B
:1087F00040F09C8140F6A43029B2C2F20000FDF79F
:10880000E7F88EE1B0F52D6FC0F2C68000F0D3809E
:10881000B0F5316F00F0CF80B0F5656F18BF052659
:1088200002202080304670BDB0F5016FC0F2BC80E0
:1088300000F0C180B0F5056F00F0BD80B0F5096FA4
:1088400000F0B98072E100BF05260120208030468B
:1088500070BD00BF013200201070042070BD00BF49
:10886000023200201070042070BD00BF03320020CF
:108870001070042070BD00BF41F29051884200F09A
:10888000FF8041F2D051884200F0008141F2106136
:10889000884240F04B8140F6A430C2F200001EE056
:1088A00000F0FA80B0F5B26F00F08580B0F5BA6FD5
:1088B00000F081803AE100BF41F21041884200F0AF
:1088C000F38041F25041884200F0F68041F290413D
:1088D000884240F02B8140F6D030C2F20000294699
:1088E000FDF778F81DE100BF00F0EE80B0F51D6FD8
:1088F00061D0B0F5216F5ED018E100BF41F2107178
:10890000884200F0EF8041F6D021884200F0F280EA
:1089100041F6583188424ED008E100BF052070BDB5
:10892000B2F90210D28840F63430C2F20000FBF7F0
:1089300009FE002070BD00BF096840F63430C2F265
:108940000000FBF77DFE002070BD00BFD2F80200E2
:10895000D2F8061000EE100A40F6343000EE901AFD
:10896000C2F20000FBF7E4FD002070BD40F69C2041
:10897000C2F20000BDE87040FBF76EBF902800F027
:10898000C980D02840F0D28040F6D03029B2C2F25F
:108990000000FDF71DF8C4E0B0F5256F0BD0B0F571
:1089A000296F08D0C2E000BFB0F5F26F03D0B0F578
:1089B000FA6F40F0BB80042602202080304670BD54
:1089C00040F63430C2F20000FBF752FE06E000BF72
:1089D00040F63430C2F20000FBF764FE00260120AE
:1089E0002080304670BD00BF40F63435C2F200052D
:1089F0002846FBF719FE0146284600220026FBF711
:108A0000A1FD01202080304670BD00BF40F6D0306F
:108A1000C2F200006AE000BF40F67830C2F2000007
:108A20004EE000BF40F6A43029B2C2F20000FCF7CD
:108A3000C7FF76E040F6783029B2C2F200006EE05F
:108A400040F6FC3029B2C2F2000068E040F6A430E3
:108A5000C2F200004AE000BF40F6FC30C2F2000063
:108A60002EE000BF40F6D03029B2C2F20000FCF781
:108A7000A7FF56E040F6A43029B2C2F200004EE053
:108A800040F67830C2F2000030E000BF40F6A4307B
:108A9000C2F2000014E000BF40F6783029B2C2F202
:108AA0000000FCF78DFF3CE040F6FC3029B2C2F23A
:108AB0000000FCF785FF34E040F6D030C2F2000041
:108AC0002946FCF7A3FF2CE040F63436C2F200063C
:108AD0003046FBF793FDC0EA05413046FBF7B0FD99
:108AE0001FE000BF40F6FC30C2F200002946FCF750
:108AF00069FF16E048F21F51C5EBC530C5F2EB1116
:108B0000A0FB0101480940F66831C2F2000108816A
:108B100007E000BF40F6D03029B2C2F20000FCF7F7
:108B200073FF002602202080304670BD05260220FB
:108B30002080304670BD00004FF6FF72914204BFA6
:108B400000207047C388B0F80CC0CA1A418903EBF3
:108B500012236145C3800BD19AB28A4220D8018A80
:108B600000238A4238BF01239900018108467047DB
:108B7000028A9BB2934203D20421018108467047C6
:108B8000827B2AB18B424FF00001EED9817307E05E
:108B9000634505D201218173002101810846704798
:108BA00002210181084670474189028A114449081F
:108BB000C1807047B0F90C0070470000B0F90C009C
:108BC0007047000070B5098802460BB281EAE331B4
:108BD000A1EBE331538A007892F803C01DB2B2F8DA
:108BE00014E083EAE533064689B2D48AA3EBE53381
:108BF000158B60453CBF00260130714588BF064695
:108C00009BB2A14238BF0646AB4288BF0646F0B2CF
:108C1000B0EB0C0018BF0120167070BDB0B5044653
:108C200000780422042808BF0822E168A558022918
:108C300004D3E2690139154405E000BF012903D1DD
:108C400061880D040021E16003280DD16069FFF700
:108C5000B1FFC0EB1541206909B2FCF7E1FE656088
:108C6000050400B2A560B0BD280C00B2A560B0BD7F
:108C70000178042906D0032918BF70470069002134
:108C8000FCF79CBE002181607047000080B590F821
:108C900000E0BEF1040F0DD1B0F92C304FF0000C04
:108CA0008B423EDC438D99423BDC9AB3D0F808C03E
:108CB00016E000BF438C994203DCB0F928308B42A8
:108CC00002DD002080BD00BF838CD0F804C0994233
:108CD00005DAB0F926308B42BCBF002080BD9AB1C6
:108CE000038C41805A4344F6D353C1F26203A2FB82
:108CF00003230122A1EB1C4102EB9312090491FB17
:108D0000F2F1C2600AE000BFBEF1030F02D1090414
:108D1000416001E0090481600021C1604FF0010C55
:108D2000C161604680BD000010B504464069FFF790
:108D300041FF0004606010BDD0F8320070470000B1
:108D4000B0F9060070470000B0F93000704700002D
:108D500080B590F82E30B0F830C00370438E4FEAE3
:108D60000C4C1B044FF0000EA0F802E0C0E901C358
:108D7000C0E903E14261C0F81CE080BD0170002140
:108D8000C160704741617047002804BF01207047EF
:108D90000921FF2200F01CBA00280FBF012047F66E
:108DA0000001C4F20001016018BF002070470000FC
:108DB000002804BF012070472DE9F04F85B014460C
:108DC0000546002A4FF0010000F081800E46296818
:108DD000002900F07C8048F200084EF2100701A83C
:108DE000CFF60048CEF20007FAF7ECFD029879685A
:108DF0003A680131B0FBF1F0510758BFC008642157
:108E0000484344F6D351C1F26201A0FB01010120A5
:108E100042F28E0C42F28E4900EB91110023C0F217
:108E2000010C4FF0020EC0F201294FF0030A4FF07F
:108E3000040B05E03A68D20301EBE271002945D04A
:108E4000DBB2092B50D8DFE803F0050B151B1F25FB
:108E50002F353B452A68926920EAD233EAE700BF02
:108E60002A68536803EA080343EA0C0353600223A9
:108E7000E0E700BF2A689269530860F35F03D9E70F
:108E80002A6804239662D5E72A68926993096EF3EB
:108E90005F03CFE72A68536803EA080343EA09033C
:108EA00053600623C6E700BF2A68926993086AF3F5
:108EB0005F03BFE72A680823526A2270BAE700BF3F
:108EC0002A68926953096BF35F03B3E7032005B087
:108ED000BDE8F08F2868C16941F02001C161002020
:108EE00005B0BDE8F08F00BF012005B0BDE8F08FF0
:108EF000002804BF01207047B0B582B00B212D229D
:108F0000044600F065F94FF0000558B90DF107026D
:108F100020468021FFF74CFF9DF90710B1F1FF3F7C
:108F2000C8BF0125002D014608BF0121002818BF38
:108F3000014629B102B0BDE8B0400846704700BF05
:108F400020460C21FF2200F043F9014602B0BDE8A3
:108F5000B040084670470000B0B582B0044600201B
:108F60008DF8040054B30D4601AA20460121FFF7F5
:108F70001FFF28B920460B212D2200F029F908B344
:108F800020460B21DD2200F023F94FF0000558B9EF
:108F90000DF1070220468021FFF70AFF9DF9071017
:108FA000B1F1FF3FC8BF01250146002D18BF0121C7
:108FB000002818BF0146084602B0B0BD012108468E
:108FC00002B0B0BD0DF1050220468021FFF7F0FE92
:108FD0000028D5D19DF905000028D1D4E8B2042895
:108FE000CED8DFE800F003090F171F009DF804003A
:108FF00040F020001CE000BF9DF8040020F023009A
:1090000016E000BF9DF8040040F0010020F02200AF
:109010000EE000BF9DF8040040F0020020F02100A7
:1090200006E000BF9DF8040040F0030020F020009F
:109030008DF80400C2B22046012100F0C9F80028D2
:109040009ED101AA20460821FFF7B2FE00287FF436
:1090500097AF9DF80400290A61F300008DF8040021
:10906000C2B22046082100F0B3F800287FF488AF90
:1090700001AA20460721FFF79BFE00287FF480AF5E
:109080009DF80400290C61F300008DF80400C2B2C1
:109090002046072100F09CF800287FF471AF20469D
:1090A0000B21DD2200F094F828B90DF106022046CC
:1090B0008021FFF77DFE0021084602B0B0BD000010
:1090C000B0B582B0044600208DF8040054B30D46BC
:1090D00001AA20460221FFF76BFE28B920460B218A
:1090E0002D2200F075F808B320460B21DD2200F098
:1090F0006FF84FF0000558B90DF1070220468021A6
:10910000FFF756FE9DF90710B1F1FF3FC8BF0125DB
:109110000146002D18BF0121002818BF014608464E
:1091200002B0B0BD0121084602B0B0BD0DF105028C
:1091300020468021FFF73CFE0028D5D19DF905008F
:109140000028D1D49DF80400E9B200F0F30203290D
:109150008DF80420C8D8DFE801F00F03070B00BF2B
:1091600042F0040206E000BF42F0080202E000BF45
:1091700040F00C028DF804202046022100F028F86F
:109180000028B1D101AA20460821FFF711FE0028CE
:10919000AAD19DF80400290A61F382008DF8040029
:1091A000C2B22046082100F013F800289CD12046C6
:1091B0000B21DD2200F00CF828B90DF10602204643
:1091C0008021FFF7F5FD0021084602B0B0BD000088
:1091D0002DE9F04F85B0002800F080800646006839
:1091E0000124002800F07B8048F200084EF21005B0
:1091F00001A891460F46CFF60048CEF20005FAF7D7
:10920000E1FB029869682A680131B0FBF1F051076F
:1092100058BFC0086421484344F6D351C1F26201EB
:10922000A0FB010142F28E0C40F28E0E04EB911075
:109230000022C0F2011CC0F2012E4FF0030A4FF0D1
:10924000040B05E02968C90300EBE17000284BD04E
:10925000D2B2092A4ED8DFE802F0050B151B1F25F4
:109260002F353B533268926924EAD232EAE700BFD5
:109270003268536803EA080343EA0C03536002228E
:10928000E0E700BF32689269520864F35F02D9E7F1
:10929000326897620422D5E732689269D2B2D20965
:1092A0000432CFE7326808F580615368194041EA1B
:1092B0000E0151600622C5E7316889694A086AF3E0
:1092C0005F02BFE731680822C1F82890BAE700BF03
:1092D000316889694A096BF35F02B3E701242046CC
:1092E00005B0BDE8F08F00BF0324204605B0BDE8FF
:1092F000F08F00BF0124204605B0BDE8F08F00BF0D
:1093000030680024C16941F02001C161204605B0E8
:10931000BDE8F08F4EF60C50CEF2000000684FF022
:10932000FF32C0F3022080F00701042928BF042186
:10933000033802FA01F14FF0050238BF002022EA9B
:10934000010101FA00F04EF24B410001CEF20001A2
:1093500008704EF20810CEF200004FF40061016078
:109360007047000044F25C50C2F20000017829B955
:109370004EF60072CEF200024B2313600131CAB2E6
:10938000032A88BF002101707047000080B540218A
:109390004CF2A46201EB1051C0F60002C0F3075377
:1093A000C9B202EB430C32F9133002EB410E32F931
:1093B0001110BCF902206FF31F50D21ABEF902C07F
:1093C000424303EB2252ACEB0103584301EB205024
:1093D000C2EA004080BD000010B5044600684FF0AE
:1093E000004100EB8000400094F83620B1FBF0F023
:1093F0004FF0000C012A4FF00002E06205D1B4F9F1
:109400001820520822834FF07C42638BA18BA4F872
:1094100030C08B424FEA123122626186A18609D1A7
:1094200083FB0001C00840EA41706062002084F8BC
:10943000370010BD2046FEF7F9FA618B002060620C
:10944000890220460022FEF7B1FAA08BE28B81024E
:109450002046FEF7ABFA012084F8370010BD00006B
:1094600010B5044690F83700618EA186E0B1204621
:10947000FEF786FAE16A226A81FB0001400B40EAAE
:10948000C1401044010B20626186FFF77FFF218BF2
:1094900094F8362010FB01F0C00B012A08BF0844E5
:1094A000208600B210BD00BFD4E908010844206244
:1094B000FFF76CFFB4F9181094F8362011FB00F395
:1094C000D80B012A08BF01EBD330216A2086090B93
:1094D00000B2618610BD000010B5044642F24C1087
:1094E000C2F2000094F8481042F24D120078C2F225
:1094F000000201F0FC011278084340EA42012068B2
:1095000084F84810FBF78EF8A0F10A0102290BD36A
:10951000062819D010BB94F84800C0071ED0206858
:10952000BDE81040FBF7CCB894F84800800758BF5E
:1095300010BD2068FBF70EF894F8480000F0FD001D
:1095400084F848000AE000BF94F84800C00705D13D
:109550002068BDE81040FBF7C7B800BF10BD000091
:10956000002180F83210C0F84610C0F84210704751
:1095700010B5044690F84800410718D5A28F618FB6
:10958000606B1346914238BF0B4688BF0A46828300
:10959000B4F84020E18FC283228F018300214383EE
:1095A00080F836100260FFF717FF94F8480000F0CB
:1095B000040100F0F702206842EA41030021002282
:1095C00084F84830BDE81040FAF7B6BF10B504463D
:1095D0000068FBF727F8062818BF10BD94F848006C
:1095E00041070BD4010739D4B4F84210B4F8442031
:1095F000914218BFA4F8441036E000BF00071CD405
:10960000A28F618F606B1346914238BF0B4688BFB3
:109610000A468283B4F84020E18FC283228F0183FF
:109620000021438380F836100260FFF7D5FE94F8DE
:10963000480040F0080084F84800606BFFF710FF16
:10964000616BA4F8460091F837209AB10846FEF7FE
:10965000F5F978B12068FBF747F80BE0B4F846104D
:10966000A4F84210A4F8441000F0F70084F8480071
:10967000A4F846102068B4F946100022BDE8104056
:10968000FAF75ABF10B541F62464C2F200042078FC
:10969000042804D1F9F79EFDF9F780FE002000218F
:1096A0000130C4F2020120700868800707D502204B
:1096B000486041F6B060C2F20000F6F7F7FFBDE87F
:1096C0001040FBF773BD000080B582B042F200008D
:1096D000C4F202000168042262F30301016000BFCA
:1096E000016801F00F0104290ED0016801F00F019B
:1096F000042909D0016801F00F01042904D0016890
:1097000001F00F010429EBD147F28001C4F20001FE
:109710000A6841F2080022F48072C4F202000A6072
:1097200050F8081C41F4807140F8081C50F8081CDF
:1097300049050CD450F8081C49055CBF50F8081CBA
:109740005FEA415103D450F8081C4905EED550F8A2
:10975000041C402262F31E6140F8041C416848F278
:109760000C02CFF6FF12114045F232521143416014
:10977000416848F20C02C0F2FF72114045F23252C9
:10978000C4F2000211434160416841F080714160C0
:10979000416841F48031416050F8081C41F080710B
:1097A00040F8081C50F8081C89010CD450F8081C1B
:1097B00089015CBF50F8081C5FEA811103D450F89E
:1097C000081C8901EED50168082241F003010160FF
:1097D000016862F307110160016801F00C010C29B6
:1097E0000ED0016801F00C010C2909D0016801F0CC
:1097F0000C010C2904D0016801F00C010C29EBD1FB
:10980000552101910199A1B1019901390191019964
:1098100079B1019901390191019951B10199013948
:109820000191019929B10199013901910199002909
:10983000EAD1016821F0F0010160016821F4E061E2
:109840000160016821F4605101604FF68060C0F64C
:109850002120FAF7EBFA0420F9F7E2FC20B1EFF34C
:10986000108072B6FEE700BF02B080BD4EF6885091
:10987000CEF20000016841F4700101607047000001
:1098800010B542F61044C4F201042068000607D463
:109890002068C00510D4BDE81040FBF787BC00BFAE
:1098A0006FF08000206040F63840C2F20000FCF704
:1098B00043F92068C005EED56FF4807044F81009B4
:1098C00040F63840C2F200002146FCF75BF9BDE8E3
:1098D0001040FBF76BBC000042F6104140F63840E8
:1098E000C4F201016FF00102C2F200000A60FDF74C
:1098F000E3BE00007047000042F2C400C2F2000064
:109900004088B0FA80F040097047000080B5002020
:10991000F8F7F8FB40F63430C2F200008021002254
:10992000BDE88040FAF72CBE80B50020F8F734FC83
:1099300042F28C1040F69C22C2F20000C2F20002F9
:10994000016892F82920013101602AB140F69C207B
:10995000C2F20000FBF710F8002080BD10B50446ED
:1099600044F2A850C2F2000050F82400FDF720FE97
:109970002046F8F7C7FB4FF4C86000F02BFA40F61A
:10998000343104EB4400C2F2000101EB0010082165
:10999000417010BD2DE9F04182B040F63434002012
:1099A000C2F20004ADF806002046FAF7F7FD0546BE
:1099B00040F21810C2F200000DF10601F8F70EF99E
:1099C00041F6D870C2F200000068FCF76BF8FBF7B4
:1099D000A5FB2046FAF7E4FD10B10A200AE000BF1B
:1099E00040F63434C2F200042046FAF719FE28B1DA
:1099F00014E000BF607002B0BDE8F0816078142808
:109A0000F9D8DFE800F00F0D250D0D0D5B0D710D80
:109A10000B770D0D0D0D81C10D0DDB000B20E9E75E
:109A2000E9E700BF207800F0FD000128E3D144F20F
:109A3000A855C2F20005286890F87F10002900F0B0
:109A400019810121A0F86010FCF75AF8E4E000BF8A
:109A50002078052800F0B58040F6A810C2F200007A
:109A6000857BF7F7C5FF002D08BF002800F0DE80DA
:109A700044F2A855C2F200052868FDF799FD41F6A9
:109A8000E476C2F200063068FFF7F2F8306803218E
:109A9000FFF774F9306840F21811C2F20001FFF7C5
:109AA00071F90020F8F72EFB28680021FDF742FE2F
:109AB0004FF4C86000F08EF914209BE72078052849
:109AC00000F07F8040F63430C2F20000FAF7D8FC94
:109AD000E81E10F1030F00F2BB800020F8F7DAFA5D
:109AE00002B0BDE8F08100BF00F07AF900283FF431
:109AF00082AF03E0207802287FF47DAF0020208031
:109B000002B0BDE8F08100BF2078052859D0FFF7EA
:109B1000F3FE00283FF46FAF42F26816C2F200066F
:109B200096F82100002800F0B38044F2A858C2F251
:109B30000008D8F80000FDF73BFD41F6E47701216D
:109B4000C2F20007386886F8201041F67861C2F248
:109B50000001FFF717F940F21810C2F20000F8F701
:109B600059F80020F8F7CEFA40F6A810C2F200002B
:109B7000807B002800F09880681E012800F29C80FD
:109B8000FBF7DCFAACE000BF2078052819D044F2DE
:109B9000A855C2F2000528680121FBF7B1FF002893
:109BA0003FF429AF2078032836D100200025F8F7AC
:109BB000A9FA258002B0BDE8F08100BF2078052811
:109BC00006D10020FFF7CAFE02B0BDE8F08100BF59
:109BD00000F006F900283FF40EAF40F21810C2F270
:109BE0000000F8F717F844F2A850C2F2000000682D
:109BF000FDF702FD0020F8F719FC41F6E470C2F20F
:109C000000000068FFF790F82046FAF739FC0020C2
:109C1000F8F740FA0620EDE628680021FDF78AFDF6
:109C2000282000F0D1F81020E4E600BF41F6E470EF
:109C3000C2F200000068FEF7F1FF42F26811C2F2C2
:109C4000000100228A81C88102B0BDE8F08100BF16
:109C500041F67860C2F2000001A900F0BDFA44F2BA
:109C6000A050C2F200000068FBF784FD02B0BDE81E
:109C7000F08100BF42F26811C2F2000191F8211098
:109C80000029CAD00021FBF73BFF1120B2E600BF3C
:109C900000200025F8F736FA012086F821006570CB
:109CA00002B0BDE8F08100BF40F6A810C2F200008B
:109CB000F7F7BCFE02211AE038680321FFF75EF8CF
:109CC000386840F21811C2F20001FFF75BF800207B
:109CD000F8F7ACFB0020F8F7DDF93868FFF724F857
:109CE00040F63430C2F20000FAF7CAFB0621D8F879
:109CF00000006170FCF72EF802B0BDE8F0810000B2
:109D000042F2C400C2F20000007801280CBF00201B
:109D1000704700F001B80000F0B581B044F2A857D8
:109D20000446C2F2000728B13868FBF70FFF01466E
:109D300021E000BF41F62C60C2F20000418941F6EB
:109D40003C60C2F20000FBF7EFFB396805460846AD
:109D5000FBF7FCFE41F66861C2F200014989064644
:109D600040F2B400C2F20000FEF7E6FE284300F025
:109D70000E0040EA060140F6343204EB4400C2F221
:109D8000000202EB00154FF6FF7081EA0002284640
:109D9000FAF7F6FB2846FAF709FC98B144F2985016
:109DA000C2F2000050F8240000281CBF0021C1733B
:109DB00057F82400FBF7CCFF204601B0BDE8F04087
:109DC000F8F7A0B901B0F0BD42F2C401C2F200013F
:109DD0004880704742F2C401C2F200018880704797
:109DE00042F2C400C2F200008088B0FA80F040095C
:109DF0007047000010B54468D0F80CC04CF2E03059
:109E0000C0F6000010F80C0050F804C000EB040E7F
:109E10002CF001030351CEF80C10DEF804104FF6BD
:109E2000FF7399431144CEF80410015941F0010128
:109E3000015110BDD0F808C000694CF2E033C0F603
:109E40000003185C50F80C30DB0718BF7047604403
:109E5000C16041684FF6FF73994311444160016846
:109E600041F00101016070470068102101620FE0BC
:109E700050E8001F41F0100140E80012002A08BF1E
:109E8000704750E8001F41F0100140E8001272B125
:109E900050E8001F41F0100140E800123AB150E8CC
:109EA000001F41F0100140E80012002AE0D1704785
:109EB00080B50168083100BF51E8002F42F001026F
:109EC00041E80023ABB151E8002F42F0010241E824
:109ED000002373B151E8002F42F0010241E8002352
:109EE0003BB151E8002F42F0010241E80023002B72
:109EF000E2D1C1684CF2E03CC0F6000CD0E9002E83
:109F00001CF8011002F1240371448B60402111629E
:109F1000083200BF52E8001F41F0400142E8001340
:109F2000ABB152E8001F41F0400142E8001373B1A9
:109F300052E8001F41F0400142E800133BB152E8F3
:109F4000001F41F0400142E80013002BE2D10268FB
:109F50004021116252E8001F41F0400142E8001325
:109F6000ABB152E8001F41F0400142E8001373B169
:109F700052E8001F41F0400142E800133BB152E8B3
:109F8000001F41F0400142E80013002BE2D10168BC
:109F900001F1080252E8001F41F0800142E800137D
:109FA000ABB152E8001F41F0800142E8001373B1E9
:109FB00052E8001F41F0800142E800133BB152E833
:109FC000001F41F0800142E80013002BE2D102693A
:109FD000016880681CF8022001F1280310448360A6
:109FE0004020086280BD0000B0B543F61C05C4F2F5
:109FF000010528681C244006C4F202040BD5206821
:10A0000020F0010020604020686041F6B060C2F29C
:10A010000000F6F79FFB286829682A68490855F868
:10A02000143C41EAD00040EA92001840C00743F6D1
:10A03000000143F60800C4F20101C4F201003CD063
:10A040000E226A6050E8002F22F0010240E800234F
:10A05000B3B150E8002F22F0010240E800237BB1A9
:10A0600050E8002F22F0010240E8002343B150E8FD
:10A07000002F22F0010240E80023002BE2D100BFB4
:10A0800051E8002F42F0100241E80023ABB151E843
:10A09000002F42F0100241E8002373B151E8002F75
:10A0A00042F0100241E800233BB151E8002F42F09A
:10A0B000100241E80023002BE2D12A6855F81C3C2D
:10A0C0001A40D20658BFB0BD51E8002F22F010024E
:10A0D00041E80023B3B151E8002F22F0100241E81B
:10A0E00000237BB151E8002F22F0100241E8002349
:10A0F00043B151E8002F22F0100241E80023002B69
:10A10000E2D100BF50E8001F41F0010140E8001219
:10A110005AB350E8001F41F0010140E8001222B399
:10A1200050E8001F41F0010140E80012EAB150E898
:10A13000001F41F0010140E80012002AE2D114E0C2
:10A1400050E8001F21F0400140E80012AAB150E899
:10A15000001F21F0400140E8001272B150E8001FDA
:10A1600021F0400140E800123AB150E8001F21F010
:10A17000400140E80012002AE2D1A96850E8001F1F
:10A1800041F0400140E80012AAB150E8001F41F040
:10A19000400140E8001272B150E8001F41F0400158
:10A1A00040E800123AB150E8001F41F0400140E899
:10A1B0000012002AE2D1022141F6B060C2F2000092
:10A1C00044F8181CBDE8B040F6F71CBBC1884088B5
:10A1D0004843000C70470000B0B50246008D0228CD
:10A1E0001CD3D2E90803B2F81AE018444FEA204C15
:10A1F000D56954780CFB0EF303EB830365435B00D6
:10A2000093FBF5F35062000CD0810B80108D93818D
:10A210000138108592F82D00B8B921E0012819D134
:10A22000508DD36908809081B1F90000558B584357
:10A2300005EB85035B0090FBF3F053785843D08126
:10A240000020108592F82D0050B11046BDE8B040B6
:10A25000FEF7B8BC9089088092F82D000028F4D150
:10A26000D17800201170B0BD024690F8330018B1CB
:10A270000B8818B293807047B0B5B2F90EE05378EE
:10A28000108E9EFBF3FCD48800EB0E0304EB0C0055
:10A2900092F82C401386D080D4B3B2F82EC0BCF113
:10A2A000000F23D0ACF10100D085B1F800C0BEF1A1
:10A2B000FF3FA3EB0C01C8BFACEB0301B2F9364082
:10A2C00011FB00F00DB290FBF4F1BEF1FF3FD8BFDF
:10A2D0004942002D16D40120ACEB010382F8320074
:10A2E000BDE8B04018B29380704700BF0B880120D2
:10A2F00082F82D0000201070BDE8B04018B29380A5
:10A30000704700BF92F83200002818BF0CEB010321
:10A31000BDE8B04018B2938070470000C28E0021A3
:10A320004160C16041820170C0E90811018501638B
:10A330008185C28570470000FFF7F0BF01868180EC
:10A340007047000090F82C30002B18BF70476AB39C
:10A35000838E5A4344F6D353C1F26203A2FB032314
:10A360009A09012313FA82F2C3891FFA82FC02853B
:10A3700094451AB216D110B5438BD0F81CE003EB0C
:10A38000830344780EFB01FE5B009EFBF3FE92FB11
:10A39000F4F3AEEB03031B0493FBFCF36343036290
:10A3A000BDE810404185110441627047438BC2698A
:10A3B00003EB83034A435B0092FBF3F24378818112
:10A3C0005A43C281002202854185704710B582B090
:10A3D000018847F201028A1A1F2A00F25781017987
:10A3E00090ED010A0FF20A0000EB82030320DFE880
:10A3F00012F02300450075004D01510157019F00E7
:10A400004D014D01C900F3004D014D014D014D01BC
:10A410000D0181014D014D018B014D01A501BF01D0
:10A420001701210021002100210009013901DD016E
:10A43000430100BF02B010BD012900F22E8142F29B
:10A44000FC00C2F200000078042800F0D781032845
:10A4500000F0E681012840F0D58040F60850C2F2B5
:10A46000000090F8542001F0010102F0FB0242EAE2
:10A47000810180F85410002002B010BDB5EE400AF2
:10A48000F1EE10FA4FF00200D4DB9FEDD51AB4EED6
:10A49000410AF1EE10FACDDC42F2FC00C2F20000FB
:10A4A0000078042800F0CE81032800F0D98101282B
:10A4B00040F0A880B2EE041A20EE010ABDEEC00AF8
:10A4C00040F6085110EE100AC2F20001A1F84E0049
:10A4D000A1F85000002002B010BD00BFB5EE400A48
:10A4E000F1EE10FA4FF00200A4DB9FEDEE1AB4EE8D
:10A4F000410AF1EE10FA9DDC42F2FC00C2F20000CB
:10A500000078042800F0BE81032800F0CD810128E6
:10A5100078D19FEDED1A40F6085020EE010ABDEE0D
:10A52000C00AC2F2000080ED120A002002B010BD85
:10A53000BBEE071AB4EE410AF1EE10FA4FF002003A
:10A54000FFF678AFB3EE071AB4EE410AF1EE10FA57
:10A550003FF770AF42F2FC00C2F20000007803281F
:10A5600050D19FEDEE1A40F2CC0120EE010ABDEE73
:10A57000C00A10EE100AC2F20001A1F84600002045
:10A5800002B010BDBBEE0E1AB4EE410AF1EE10FAA5
:10A590004FF00200FFF64EAFB3EE0E1AB4EE410AD2
:10A5A000F1EE10FA3FF746AF42F2FC00C2F20000B3
:10A5B0000078042826D19FEDDA1A41F6A05120EE4A
:10A5C000010ABDEEC00A10EE100AC2F20001A1F8A5
:10A5D0004200002002B010BDB5EE400AF1EE10FAC4
:10A5E0004FF00200FFF626AFB2EE081AB4EE410AB1
:10A5F000F1EE10FA3FF71EAF44F26050C2F20000D5
:10A6000080ED030A002002B010BD00BF44F260508C
:10A61000C2F2000080ED040A002002B010BD00BFAD
:10A62000B5EE400AF1EE10FA4FF00200FFF602AF6D
:10A63000B3EE071AB4EE410AF1EE10FA3FF7FAAEA4
:10A640009FEDD71A40F6D03120EE010ABDEEC00AC8
:10A6500010EE100AC2F2000188824042C882002037
:10A6600002B010BD44F26050C2F2000080ED0B0A4F
:10A67000002002B010BD00BF44F26050C2F20000E2
:10A6800080ED0D0A002002B010BD00BF012002B015
:10A6900010BD00BF072940F29380022002B010BD18
:10A6A000BBEE071AB4EE410AF1EE10FA4FF00200C9
:10A6B000FFF6C0AEB3EE071AB4EE410AF1EE10FA9F
:10A6C0003FF7B8AE42F2FC00C2F200000078032867
:10A6D00098D19FEDB31A40F2CC0120EE010ABDEEF5
:10A6E000C00A10EE100AC2F20001A1F842000020D8
:10A6F00002B010BD44F26050C2F2000080ED050AC5
:10A70000002002B010BD00BFB5EE400AF1EE10FA15
:10A710004FF00200FFF68EAEB7EE001AB4EE410A1B
:10A72000F1EE10FA3FF786AE44F26050C2F200003C
:10A7300080ED060A002002B010BD00BF8DED010AB9
:10A7400001A8BAEE090AF2EE090A00F0A3F99DED9C
:10A75000010A9FED951A40F6085020EE010ABDEE61
:10A76000C00AC2F2000080ED0F0A002002B010BD46
:10A770008DED010A01A8BBEE0E0AF3EE0E0A00F001
:10A7800089F99DED010A9FED871A40F6085120EEE8
:10A79000010AC2F20001BDEEC00A896B10EE100A78
:10A7A00041F218028850002002B010BD44F26050FF
:10A7B000C2F2000080ED0C0A002002B010BD00BF04
:10A7C00044F26050C2F20000017007294FF000000F
:10A7D0003FF630AEDFE801F008847A8E980606A6D0
:10A7E00000007A4426E600BF40F20C00C2F20000EE
:10A7F00006210170002002B010BD00BF41F6A0503C
:10A80000C2F2000090F8482001F0010102F0FB02C2
:10A8100042EA810180F84810002002B010BD00BF5C
:10A8200040F2CC00C2F2000090F84A2001F0010191
:10A8300002F0FB0242EA810180F84A10002002B0D7
:10A8400010BD00BFB2EE041A20EE010ABDEEC00A30
:10A8500041F6A05110EE100AC2F200010CE000BF58
:10A86000B2EE041A20EE010ABDEEC00A40F2CC019D
:10A8700010EE100AC2F2000148878887002002B05B
:10A8800010BD00BF9FED491A41F6A05120EE010A0C
:10A89000BDEEC00A10EE100AC2F20001C887002007
:10A8A00002B010BD0000C8429FED3D1A40F2CC013D
:10A8B00020EE010ABDEEC00A10EE100AC2F200013D
:10A8C000C887002002B010BDB358B74740F20C0053
:10A8D000C2F2000004210170002002B010BD00BFD0
:10A8E00040F20C00C2F2000001210170002002B011
:10A8F00010BD00BF40F20C00C2F200000321017045
:10A90000002002B010BD00BF40F20C00C2F20000F7
:10A9100007210170002002B010BD00BF00E0B54467
:10A92000E02E654140F20C01C2F20001052210EE5A
:10A93000104A0A704FF47F41200E01EA14210844A6
:10A94000BBEE0E0AF3EE0E0A102101F0CFF904F46B
:10A950007F40B0F5807F15D140F234009FED131A8F
:10A96000C2F2000090F83A1020EE010A41F0010115
:10A97000BDEEC00A80F83A1010EE101AC186002011
:10A9800002B010BD40F23401C2F2000191F83A0069
:10A9900000F0FE0081F83A000020C88602B010BD29
:10A9A00000E0B5442FBFBB42B358B747E02E654126
:10A9B0004EF60C50BFF34F8FCEF200000168042218
:10A9C00001F4E061C0F2FA5211430160BFF34F8F0E
:10A9D00000BF00BF00BF00BFFAE70000B4EE410AAD
:10A9E000F1EE10FAB0EE412A08DCB4EE600AB0EEE7
:10A9F000402AF1EE10FAB8BFB0EE602A4FF0FF31F6
:10AA000001FA00F0C04331EE600A32EE601A02EE45
:10AA1000100AB8EEC22A21EE021A81EE000ABDEE3B
:10AA2000C00A10EE100A704710B501214FF0004225
:10AA30004FF080434FF0005C4FF0805E002848BF2D
:10AA4000404200BF22FA01F4A04211D223FA01F4DD
:10AA5000A04213D22CFA01F4A04215D21C2901F114
:10AA6000040404D82EFA01F188422146EAD3611E7B
:10AA7000481E012101FA00F010BD00BF0131481E3F
:10AA8000012101FA00F010BD0231481E012101FA36
:10AA900000F010BD90ED001AB4EE601AF1EE10FA5D
:10AAA000B8BFF0EE410AF4EE400AF1EE10FAC8BF6A
:10AAB000B0EE600A80ED000A70470000A4B040F6D6
:10AAC000000441F24C0B43F61C0AC4F60004C4F225
:10AAD000020BC4F2010AF8F78BFBFEF7F5FD4FF00D
:10AAE0000008CDF84080DBF800004FF4005240F041
:10AAF0000400CBF80000DBF800004FF4804500F0C4
:10AB0000040017901798DBF80000802140F0010046
:10AB1000CBF80000DBF800000BAE00F0010017904E
:10AB20001798DBF800004FF0010940F00200CBF865
:10AB30000000DBF800004FF4004700F0020017901F
:10AB40001798DBF8000040F01000CBF80000DBF8AD
:10AB5000000000F01000179017984FF40040A26119
:10AB6000A561A06141F21800C4F600000160204612
:10AB700031460B92CDE90C98CDE90E88F8F754FEDA
:10AB800020463146CDE90B59CDE90D88CDF83C90F2
:10AB9000F8F74AFE0120CDE90C08CDE90E802046E9
:10ABA00031460B974FF00109F8F73EFE802004F57F
:10ABB0000067CDE90B0938463146CDE90D88CDF85F
:10ABC0003C800197F8F730FE38463146CDE90B5806
:10ABD000CDF83C90F8F728FE5BF8040C17AE40F077
:10ABE00004004BF8040C5BF8040C314600F0040040
:10ABF0000B900B985BF8040C032740F001004BF816
:10AC0000040C5BF8040C00F001000B900B98CDE9EC
:10AC10000788CDE91B88CDE91988DBF83C0069F38A
:10AC20001D70CBF83C00DBF8000040F40050CBF87E
:10AC30000000DBF8000000F400500B900B98DBF8EC
:10AC4000000040F00400CBF80000DBF8000000F04A
:10AC500004000B900B98DBF8000040F00100CBF8EB
:10AC60000000DBF8000000F001000B900B980320BF
:10AC700018902046CDF85C90CDF86C80F8F7D4FDA4
:10AC80000220CDE9170720463146CDF86C80F8F751
:10AC9000CBFD042017902046314604251897CDF8A7
:10ACA0006C80F8F7C1FD4FF090403146CDE9179721
:10ACB000CDF86C80F8F7B8FD4FF090403146CDE903
:10ACC00017570325CDF86C80F8F7AEFD4FF400461A
:10ACD00002A94FF0A040CDF80880CDE90368F8F74D
:10ACE00065FD0BA94FF0A040CDE90B85CDE90D889E
:10ACF000CDE90F88F8F76EFD1427C5F20007D7F8E5
:10AD0000AC0043F6FF718843C7F8AC0057F8040C59
:10AD10004FF6FC3120F4803047F8040C57F8040C4F
:10AD2000CFF6FF71084047F8040C07F53B7005A902
:10AD3000CDE90588F8F7EEFC8020CDE91F081FA9B2
:10AD40004FF0A040CDE92188F8F70CFD57F8080C2A
:10AD50004FF6FF71C7F6DF71084000F1004047F879
:10AD6000080CB86B012161F3C810B86357F80C0CDC
:10AD70004FF6C072C5F6FF72104047F80C0C57F83A
:10AD80000C0C02F1805900EA090000F1805047F8EC
:10AD90000C0CB86B032363F34D20B86338680822AA
:10ADA00061F34B203860D7F89C00012520F00800A3
:10ADB000C7F89C00F86961F38A10F86138680421CB
:10ADC00061F3C5003860D7F89C0020F00200C7F896
:10ADD0009C00F86962F31030F861386861F31A601A
:10ADE0003860D7F89C00062120F48070C7F89C00DA
:10ADF000F86961F39640F8613868072120F4E010A3
:10AE00003860D7F89C0020F04000C7F89C00F86933
:10AE100061F31C60F861386817A920F4600038609D
:10AE2000D7F89C0020F08000C7F89C00CDF82C805B
:10AE3000CDE91B88CDE91988DBF83C0065F31D706E
:10AE4000CBF83C00DBF8000040F40050CBF80000E9
:10AE5000DBF8000000F4005005900598DBF80000D6
:10AE600040F00100CBF80000DBF8000000F001002A
:10AE7000059005984020CDE917034FF09040CDF89C
:10AE80006C80F8F7D1FCCDE91F8607F1EC061FA90D
:10AE90003046CDF88480F8F789FC0BA93046CDE91F
:10AEA0000C88CDE90E88CDF84080F8F793FCD7F8F0
:10AEB000AC014FF6FC316FF30D00C7F8AC01D7F8C9
:10AEC000FC00CFF6FF7120F48030C7F8FC00D7F803
:10AED000FC000840C7F8FC008020CDE9050805A962
:10AEE0003046CDE90788F8F73DFCD7F8F8004FF673
:10AEF000FF71C7F6DF71084000F10040C7F8F800A5
:10AF0000D7F838014FF6C07165F3C810C7F838019B
:10AF1000D7F8F400C5F6FF710840C7F8F400D7F879
:10AF2000F400032100EA090000F18050C7F8F400A2
:10AF3000D7F838010DF15C0961F34D20C7F83801ED
:10AF4000D7F80001082665F34B20C7F80001D7F8B1
:10AF50009C01022520F00800C7F89C015BF8040C56
:10AF6000012740F008004BF8040C5BF8040C49463C
:10AF700000F008000B900B98DBF83C0020F4403008
:10AF8000CBF83C00DBF8000040F00400CBF80000F8
:10AF9000DBF8000000F004000B900B984FF4807079
:10AFA00017902046CDE91858CDE91A781C96F8F785
:10AFB0003BFC4FF40070CDE91705204649460225B9
:10AFC000CDE91987CDE91B86F8F72EFCDBF80C00DC
:10AFD00047F6000640F08040CBF80C00DBF80C0090
:10AFE000C4F2000600F080400B900B9840F20F6016
:10AFF000C4F25200CDE90C080BA93046CDF82C80E4
:10B00000CDE90E88CDE91088F8F780FC706840F231
:10B01000FE7140F000707060F06840F200378843C5
:10B02000F060F068C4F2010720F40040F06030687E
:10B0300020F400203060306820F4003030604FF69B
:10B040000450CFF6FF7039580BAE41F480013950EF
:10B05000CDE90F88CDE90D88DBF80000314640F0DE
:10B060000100CBF80000DBF8000000F001001790B1
:10B0700017980B9503254FF090400C95F8F7D4FBEB
:10B080000420CDE90B054FF090403146CDF83C80CF
:10B09000F8F7CAFB0820CDE90B054FF09040314688
:10B0A0004FF00309CDF83C80F8F7BEFB17A93846EE
:10B0B000CDE91788CDE91988F8F764FCB8690BAEBB
:10B0C00020F03800B8613868314620F4807038606C
:10B0D000386820F010003860CDE90F88CDE90D8880
:10B0E000DBF8000040F00100CBF80000DBF80000C6
:10B0F00000F0010017901798DBF8000040F0040002
:10B10000CBF80000DBF8000000F00400179017985F
:10B11000DBF8000040F00200CBF80000DBF8000094
:10B1200000F00200179017984020CDE90B094FF06E
:10B130009040CDF83C80F8F777FB8020CDE90B09F3
:10B140004FF090403146CDF83C80F8F76DFB20255C
:10B1500020463146CDE90B59CDF83C80F8F764FB29
:10B160000120CDE90B09A4F580603146CDF83C8083
:10B170000090F8F759FB0820CDE91905381D17A9EB
:10B18000CDE91788F8F7FEFBF869022120F03800B6
:10B19000F8617868012620F480707860786820F083
:10B1A000100078603F20C1F20000CDF87C800E9046
:10B1B000DBF8140040F40060CBF81400DBF8140056
:10B1C00000F4006017901798DBF8000040F01000C2
:10B1D000CBF80000DBF8000000F010001790179883
:10B1E0004FF4004005900120CDE908000198CDE919
:10B1F00006180A9105A9F8F717FB42F600474FF425
:10B20000A650C4F20107209521904FF480751FA924
:10B210003846CDE92256F8F75DFE386817AE20F0C3
:10B2200080003860B869012140F00800B8616020F2
:10B23000CDE917084FF42660CDE91A0838463246A2
:10B24000CDF86480CDE91C88CDF87880F8F7C4FE8D
:10B25000B869102120F00400B861B869324640F4A2
:10B260000060B8613846F8F7B7FEB8694FF48071EE
:10B2700020F48060B861F869324640F00800F86157
:10B280003846F8F7A9FEF8694FF4805120F0040021
:10B29000F861F869324640F40060F8617020179058
:10B2A00041F2BF401A903846F8F796FEF8694FF61B
:10B2B0008F7120F48060F8617868CFF6FF51084004
:10B2C0007030786078684FF4006920F4700078601E
:10B2D000B8680BA920F08000B860386E40F40070A8
:10B2E00038664FF48060CDE90C084FF400500F90A1
:10B2F0004FF48020CDE910084FF0007013904FF408
:10B300004010CDE914083846CDF82C90CDF848808F
:10B31000CDF85880F8F790FDDBF8000005AE40F05E
:10B320001000CBF80000DBF80000314600F0100000
:10B3300002900298019F059502253846CDE90655F1
:10B34000CDE908850A95F8F76FFA4FF40070CDE95A
:10B35000050538463146CDE90758CDE90955F8F7D6
:10B3600063FA4FF48060CDE9050538463146CDE9F2
:10B370000758CDE90955F8F757FA38463146CDE96F
:10B380000595CDE90758CDE90955F8F74DFA4FF481
:10B390008050CDE9050538463146CDE90758CDE95D
:10B3A0000955F8F741FA4FF40050CDE90505384644
:10B3B0003146CDE90758CDE909550225F8F734FAA9
:10B3C000CDF86C80CDE91988CDE91788DBF80C0041
:10B3D0000BA940F00400CBF80C00DBF80C000BAE1E
:10B3E00000F004000B900B98DBF8000040F0020026
:10B3F000CBF80000DBF8000000F002000B900B9887
:10B40000009F402081E8210138463146CDE90E8871
:10B410001095F8F709FA80200BA981E82101384638
:10B420003146CDE90E881095F8F7FEF940F618067A
:10B4300043F6FF70C4F20006CDE91908A6F1180022
:10B4400017A9ADF85C80CDF86080F8F743FD56F899
:10B45000180C4FF6F87120F0800046F8180C56F8DA
:10B46000100CCFF6FE710840033046F8100C30681F
:10B47000012161F30100306030684FF00C0920F0C9
:10B480000C0030603068072769F307103060B0683F
:10B4900020F00A00B060306861F309203060306845
:10B4A0004FF68F7120F4406030603068CFF6FF5166
:10B4B00069F30F303060B06820F0A000B06056F83B
:10B4C000140C084046F8140C56F8100C17A920F07C
:10B4D000800046F8100CDBF83C0017AE20F00300AB
:10B4E000CBF83C00DBF8140040F48040CBF81400AB
:10B4F000DBF8140000F480400B900B98DBF80000A0
:10B5000040F00100CBF80000DBF8000000F0010083
:10B510000B900B984FF4007081E821014FF09040A0
:10B520003146CDE91A881C97F8F77EF94FF4806010
:10B5300017A981E821014FF090403146CDE91A88E2
:10B540001C97F8F771F90820C4F20200D0F8F81738
:10B55000182262F30701C0F8F81701684BF6EF7282
:10B56000CFF6FF72114001600168192621F44051A5
:10B570000160016821F020010160016821F04001B3
:10B580000160016841F080010160016821F44071AF
:10B590000160016821F44061016040F60401C4F2D9
:10B5A00002010B6866F307030B604169114010311B
:10B5B0004161416921F440514161416921F020011B
:10B5C0004161416921F040014161416941F08001DF
:10B5D0004161416921F440714161416921F4406157
:10B5E00041614FF4E110CDE90C08AAF11C000BA950
:10B5F000CDF82C80CDE90E88CDE91098CDF84880A3
:10B60000F8F79AFE43F60800C4F2010050E8001F64
:10B6100021F0604140E800125AB350E8001F21F0C9
:10B62000604140E8001222B350E8001F21F0604161
:10B6300040E80012EAB150E8001F21F0604140E804
:10B640000012002AE2D114E050E8001F21F06061EE
:10B6500040E80012AAB150E8001F21F0606140E804
:10B66000001272B150E8001F21F0606140E8001242
:10B670003AB150E8001F21F0606140E80012002A52
:10B68000E2D15AF81C0C20F000504AF81C0C5AF871
:10B69000180C20F490404AF8180C5AF8140C20F0BA
:10B6A0002A004AF8140C5AF81C0C40F001004AF821
:10B6B0001C0C00BFDAF80000800244BFDAF800007A
:10B6C0005FEA40201AD4DAF80000800244BFDAF8BA
:10B6D00000005FEA402011D4DAF80000800244BF85
:10B6E000DAF800005FEA402008D4DAF800008002AF
:10B6F00044BFDAF800005FEA4020DBD5DBF8140035
:10B7000017AE40F48050CBF81400DBF814004FF073
:10B71000020800F480500B900B98DBF800004FF00B
:10B72000030940F00100CBF80000DBF80000002521
:10B7300000F001000B900B98DBF80000314640F060
:10B740000200CBF80000DBF800004FF0050B00F022
:10B7500002000B900B984FF4004017904FF0904070
:10B76000CDF86080CDF86490CDE91A55CDF870B071
:10B77000F8F75AF8009F082017A981E80103384616
:10B780003146CDE91A55CDF870B0F8F74DF81020D4
:10B7900017A981E8010338463146CDE91A55CDF89D
:10B7A00070B0F8F741F84FF0200A38463146CDE93D
:10B7B00017A8CDE91995CDE91B5BF8F735F84FF4DB
:10B7C00082700C904FF47060CDE90D054FF480202D
:10B7D000CDE9100A0720149042F60040C4F201009F
:10B7E000012700F580600BA90B950F97CDE9125545
:10B7F000F8F7D6FA43F20400C4F20100016821F020
:10B8000010010160016821F008010160F9F76CFE88
:10B8100040F6180142F2580645F6E830C4F200013D
:10B82000C2F200060144304640F8081F0A210622F1
:10B83000C0E90155C560C0F80F50C0E90517C0E95F
:10B840000712C0E90917C0E90B77C0E90D57C563B6
:10B85000F7F792F820B1EFF3108072B6FEE700BF61
:10B860004FF08048CDE90B85CDE90D57CDE90F5557
:10B8700006F108050BA92846F6F7D6FE20B1EFF32E
:10B88000108072B6FEE700BF2846F7F7EBF92846AE
:10B89000012100224FF001094FF0000AF6F7E0FD08
:10B8A0004EF60C5ECEF2000EDEF800004FF0030CF8
:10B8B000C0F3022282F00703042B4FF0040028BFDC
:10B8C0000346D71E4FF0FF3202FA03F338BF574644
:10B8D0002CEA0303BB4002FA07F729EA07073B43B8
:10B8E0004EF20B491F01CEF2000989F81A704EF290
:10B8F0000017CEF2000720257D60DEF800500223FD
:10B90000C5F3022585F00701042928BF014602FA84
:10B9100001F1033D2CEA010138BF5546A940090158
:10B9200089F800104FF400613960DEF80010C1F3AF
:10B93000022181F00705042D28BF0546033902FACC
:10B9400005F538BF514620EA05058D4002FA01F1A0
:10B9500001F001012944102585EA011189F80D1033
:10B960004FF080713960DEF8001089F80EA04FF0BA
:10B9700000713960DEF80010C1F3022181F0070583
:10B98000042D28BF0546033902FA05F538BF514694
:10B99000AB4303FA01F1090189F807104FF4802144
:10B9A0003960DEF80010C1F3022181F00703042B97
:10B9B00038BF184602FA00F003392CEA000038BFFD
:10B9C00051468840000189F81300C7F8008015200F
:10B9D00005210122F7F77CFC1520F7F767FC4FF4EF
:10B9E000005500BFF9F76EFAF7F7EEFB7168401AE1
:10B9F000B0F57A7FF6D3F7F7E7FB31787060B1FAEC
:10BA000081F0400930702820002908BF18202550F7
:10BA1000E8E70000F0B581B01C210420C4F6000165
:10BA2000C0F201004FF0040EC1F80008C1F800E8B0
:10BA3000C1F80008D1F800284FF0010C0092009ADC
:10BA40004FF001120A60C1F800C00A600B680224BE
:10BA50000093009B831E0B600C600B600B68082436
:10BA60000093009B031D0B600C600B600B6840256E
:10BA70000093009B0860C1F800E008600B684FF07D
:10BA8000800E0093009B00F17C030B60C1F800E086
:10BA90000B600C6820270094009C00F13C040C60B3
:10BAA0000D600C600E680096009E00F11C06C1F847
:10BAB0000068C1F80078C1F80068D1F80068FC306F
:10BAC0000096009EC1F80024C1F800C4C1F800240B
:10BAD000D1F800240092009AC1F80044C1F8005443
:10BAE000C1F80044D1F800240092009AC1F8003453
:10BAF000C1F800E4C1F80034D1F800144FF48132E9
:10BB00000091009941F21C01C4F600014FF400734A
:10BB10000A600B600A600A684FF400630092009AA2
:10BB20004FF484320A600B600A600A684FF40043E5
:10BB30000092009A4FF4C0320A600B600A600A68F3
:10BB40004FF480630092009A4FF482320A600B60D7
:10BB50000A600A684FF400530092009A4FF4903242
:10BB60000A600B600A600A684FF480530092009AE2
:10BB70004FF488320A600B600A600A680092009AEB
:10BB80004FF4807208600A600860086800900098AE
:10BB900001B0F0BD00294FF6FF7352D0B0B54CF69E
:10BBA000C80501F0030C0429C0F6000528D321F0D4
:10BBB000030100BF10F8042B043982EA0302D2B259
:10BBC00035F8122010F8034C82EA132383EA0403A9
:10BBD000DBB235F8133010F8024C83EA122282EA05
:10BBE0000402D2B235F8122010F8014C82EA132375
:10BBF00083EA0403DBB235F8133083EA1223D9D188
:10BC0000BCF1000F1BD001789AB25940C9B235F887
:10BC10001110BCF1010F81EA122310D04278DBB27F
:10BC20005A4035F812E0BCF1020F8EEA112306D01B
:10BC30008078D9B2484035F8100080EA1E23BDE86C
:10BC4000B04098B270470000B0F9000070470000A3
:10BC5000006870470078704742F608424FF68F7CC4
:10BC6000C4F20102CFF6FF5C13680CF1E8711940D1
:10BC70001031116011684FF6F873CFF6FE7319405A
:10BC800041F258000631C4F202001160016804223A
:10BC9000C907C4F2000213D181B0016841F001016B
:10BCA0000160016801F0010100910099116941F002
:10BCB00001011161016821F00101016001B07047CB
:10BCC00010681168702301EA0C0141F02001116035
:10BCD0001169C0F2002341F001011161116818409F
:10BCE00001EA0C01084310607047000002EE100AE0
:10BCF0004FF0FF30884030EEC01AB8EEC22AC04381
:10BD000021EE021A02EE100AB8EEC22A81EE021AE1
:10BD100031EE000A7047000010B56FF0020CC0F859
:10BD200010C093F800E0BEF10F0F88BF10BD4FF0B8
:10BD3000100E0EEB021222F0100E002203E000BFE4
:10BD40001C78102C0DD20469A407F9D5013294B2E5
:10BD5000A645C0F810C0F3D81C780F2CF0D80120ED
:10BD6000088010BD4100080218BF04200A0E18BF49
:10BD700040F001004FF07F4232EA010108BF40F07D
:10BD80000200012808BF05207047000070B54FF081
:10BD900068422DED048BF0EE408A18EE900AB0EE6A
:10BDA000608A18EE101A02EB4003B3F1654F3CBFF6
:10BDB00002EB4102B2F1654F7DD200BFC0F3C75321
:10BDC000C1F3C7529A1A1B2A09DD10F0004F14BFA5
:10BDD0009FED830A9FED830ABDEC048B70BD12F1C9
:10BDE0001A0F36DA11F0004F09D010F0004F0CBFD7
:10BDF0009FED7D0A9FED7D0ABDEC048B70BD88EE42
:10BE0000889A19EE100AFFF7ADFF042808BF00F06A
:10BE100017F918EE900AFFF7A5FF054618EE100A6D
:10BE2000FFF7A0FF044619EE100AFFF79BFF042D51
:10BE300018BF052D08D1042C18BF052C04D10028EB
:10BE400004BF0220F4F7E8FBB0EE490ABDEC048B16
:10BE500070BD4200B2EB410F3AD910F0004F19BF4C
:10BE6000DFED630A9FED630ADFED630A9FED630A6E
:10BE7000B0EE481A0A46B1EE688A80F00041F0EE52
:10BE8000418A10460A1A5200B2F1807F34D24840EB
:10BE900010F0004FDFED5A1A9FED5A2A1DBFBEEE7B
:10BEA000001A70EEE10A30EE420AB6EE001A08BF40
:10BEB00070EEA10A00E040E008BF30EE020AB0EEEA
:10BEC000682A01EE482A08EE818AC2EE081A15E0B7
:10BED00011F0004F04BF9FED4C0AF0EE400AD1D0A4
:10BEE00010F0004F19BFDFED490A9FED490ADFED61
:10BEF000490A9FED490AC5E7C8EE881A21EEA11A42
:10BF00009FED462ADFED462A41EE022A9FED452AA3
:10BF100001EE222ADFED442A41EE022A9FED432A58
:10BF2000BDEC048B01EE222A21EE811A01EE020AF9
:10BF300030EE210A30EE200A70BD4FF07F42B2EBA6
:10BF4000400F28BFB2EB410F09D2F0EE480AB0EE25
:10BF5000680ABDEC048BBDE8704000F06DB840EAA3
:10BF600001035B0008BF41F0FF410BD0B2EB400F73
:10BF700008BFB2EB410F08D120F0804008EE900AD4
:10BF800021F0804108EE101A18E7B2EB400F12BF03
:10BF90005FEA410340F0FF4001F000413FF40EAF83
:10BFA000B2EB410F12BF5FEA400200F0004041F0E7
:10BFB000FF413FF403AF4A0092EA40033FF5FEAE73
:10BFC000002AACBF9FED1A0A9FED1A0A68EE808A1C
:10BFD00028EE008A18EE900A18EE101AEEE600001D
:10BFE000DB0FC9BFDB0FC93FDB0F4940DB0F49C087
:10BFF0000000C9BF22AAFDB90000C93F22AAFD392D
:10C000000060ED3EC30ACE3700000000000049C0CA
:10C0100022AA7DBA0000494022AA7D3A2DAD65BD15
:10C020008FB8D53D0FB511BE61C84C3EA8AAAABEB7
:10C030000000804F0000802F30EE200A7047000083
:10C040009FED020A20EE000A704700000000001079
:10C0500021F0004201F00043A2F16052B2F5801FCE
:10C0600028BFD2F17F6C0BD95FEA001C43EAC20201
:10C0700042EB507018BF704728BF20F00100704796
:10C08000B2F5801FBCBF184670474FEA410C1CF543
:10C09000001F02D2084600F089B970B500F0B4F86C
:10C0A00000000089FFF7F6BF4FF00040A0F58000C8
:10C0B0007047000070B5DFF848C11CEA111E1EBFB2
:10C0C0001CEA13159EEA0C0F95EA0C0F00F06F8026
:10C0D00081EA03044EEAD47EAE4421EA4C1123EAFD
:10C0E0004C1341F4801143F48013AEF17F7EA1FB29
:10C0F000024CA0FB0365361955EB0C05A1FB034C64
:10C100004CF10003A0FB021C16EB0C06654153F139
:10C110000003094218BF46F0010613F4007F0BD15B
:10C120004FEA03314FEA053041EA155140EA165013
:10C1300034036FF003020AE04FEAC3214FEAC5203F
:10C1400041EA555140EA5650F4026FF0020202EB08
:10C150002E4201EB025585EACE710AD05FEA440C0B
:10C1600018BF24F0004450F1000041F1000120EA22
:10C17000D47040F2FE7C624500D270BDA84214BF6C
:10C180004FF080444FF04044002E08BF0024BEF121
:10C19000806FA8BFA1F1C041BDE8704080F28280ED
:10C1A00001F1C04101F000414FF0000070470CEA7E
:10C1B00013159EEA0C0F18BF95EA0C0F06D081EA02
:10C1C000030E4FF000000EF0004170BD00F01CF8AF
:10C1D0008900013E00F007B800F009B84FEA430CAF
:10C1E0005FEA5C5C08D081EA030100F05BB84FEACB
:10C1F000410C5FEA5C5CF6D102494FF000007047E9
:10C200000000FF070000F87F0EF1020E2EF0030E73
:10C210005EF8046B364205D4012A43EB030515F59D
:10C22000001F12D8012841EB010C1CF5001F0CD88F
:10C230000ED14FEAD17C0CEB4C0C0CF1020C15F535
:10C24000001F08BF4CEBD37C04E04FF0080C01E06A
:10C250004FEAD37C0CEB4C0526FA05F606F00706F0
:10C26000B6F1040C06D20EEB860CBDE870404CF023
:10C27000010C6047DFE80CF0090B02024FF00041AF
:10C28000A1F500214FF0000070BD194610460128AD
:10C2900051EB010418BFD4F5001484BF002001F055
:10C2A000004170BD0808A0F500114FEA3101704748
:10C2B00043004FEAD30C4FEA3C0C43401FBF4007FA
:10C2C0000CF1605113F0FE4F70471CF0006F03D16A
:10C2D0000CF00041002070470CF0004343EA50701E
:10C2E00040EACC0010B500F00EF800BF000000924C
:10C2F0004FEA0001FFF7D6BF4FF00041A1F5002142
:10C300004FF0000070470EF1020E2EF0030E5EF8A3
:10C31000044B244204D44FEA4102B2F17F4F11D8BA
:10C320004FEA4003B3F17F4F0CD80ED14FEAD07CD7
:10C330000CEB4C0C0CF1020CB2F17F4F08BF4CEB34
:10C34000D17C04E04FF0080C01E04FEAD17C0CEB0B
:10C350004C0324FA03F404F00704B4F1040C06D2ED
:10C360000EEB840CBDE810404CF0010C6047DFE898
:10C370000CF0070802024FF00040A0F5800010BD4D
:10C380000846420018BFD2F1807288BF00F000401A
:10C3900010BDF1EE100A4FF6FF71C0F2C03120EA75
:10C3A000010040F04070E1EE100A7047FF2141EAC1
:10C3B000D050C00570470000497A0008457C00084D
:10C3C0008D830008C9840008000000000000000000
:10C3D000010203040607080900000000010203042B
:10C3E000081C3044586C00020406080A0C0E0705AD
:10C3F00003010F0D0B09070503010F0D0B090002C7
:10C400000406080A0C0E0E0C0A0806040200090BAA
:10C410000D0F01030507090B0D0F010305070E0C96
:10C420000A08060402000B090F0D030107050C0E94
:10C43000080A040600020C0E080A040600020B0992
:10C440000F0D03010705050701030D0F090B02007E
:10C4500006040A080E0C020006040A080E0C050762
:10C4600001030D0F090B01030507090B0D0F06044E
:10C4700002000E0C0A08060402000E0C0A08010352
:10C480000507090B0D0F0F0D0B0907050301080A1E
:10C490000C0E00020406080A0C0E000204060F0D22
:10C4A0000B09070503010A080E0C020006040D0F14
:10C4B000090B050701030D0F090B050701030A0806
:10C4C0000E0C02000604040600020C0E080A03010A
:10C4D00007050B090F0D030107050B090F0D0406D6
:10C4E00000020C0E080A45565350494E3332473469
:10C4F0005F4379626572476561725F616464456E2E
:10C50000636F646572005354204D432053444B09BC
:10C510005665722E362E342E30000000A00F00001B
:10C52000F414B4410000A040180000000300000112
:10C53000803E0000A00F0007008400000000704152
:10C5400033335340AE47E13D0000000017B7513888
:10C5500017B751380000A0400000000000000000A4
:10C560004379626572476561725F54657374000058
:10C57000000000000000000045565350494E333281
:10C5800047345F4379626572476561725F616464D5
:10C59000456E636F64657200002C014044C600085C
:10C5A000000000000000000000000000000000008B
:10C5B000000000000000000000000000000000007B
:10C5C000000000000000000000000000000000006B
:10C5D0000006000000060000000600000006000043
:10C5E0000006000000060000000600000006000033
:10C5F0000006000000060000000600000006000023
:10C600004B012900BA00B2000000005000000050A9
:10C6100000000050000000500000005000000050DA
:10C6200000010050000100500001005000010050C6
:10C6300000010050000100500000165D01000000E4
:10C64000000101000003014000030140000301401C
:10C6500000030140000301400003014004030140C6
:10C6600004030140040301400403014004030140AA
:10C67000040301400800000000000000000000006A
:10C68000000000000000000008000000080000009A
:10C69000080000000800000000000000000000008A
:10C6A000080000000000240348066A098C0CAB0F48
:10C6B000C812E215F9180B1C1A1F23222825262858
:10C6C0001F2B112EFB30DF33BA368C39563C173F07
:10C6D000CE417A441C47B4493F4CBF4E33519B5323
:10C6E000F5554258825AB35CD75EEB60F162E8645C
:10C6F000CF66A6686D6A236CC96D5E6FE270547276
:10C70000B573047541766B77847889797C7A5C7B24
:10C71000297CE37C897D1D7E9C7E097F617FA67FCD
:10C72000D87FF57FFF7FF57FD87FA67F617F097F68
:10C730009C7E1D7E897DE37C297C5C7B7C7A89796B
:10C7400084786B7741760475B5735472E2705E6FCE
:10C75000C96D236C6D6AA668CF66E864F162EB6010
:10C76000D75EB35C825A4258F5559B533351BF4E46
:10C770003F4CB4491C477A44CE41173F563C8C3954
:10C78000BA36DF33FB30112E1F2B26282825232213
:10C790001A1F0B1CF918E215C812AB0F8C0C6A0992
:10C7A000480624030000DCFCB8F996F674F355F053
:10C7B00038ED1EEA07E7F5E3E6E0DDDDD8DADAD7A3
:10C7C000E1D4EFD105CF21CC46C974C6AAC3E9C0D4
:10C7D00032BE86BBE4B84CB6C1B341B1CDAE65AC98
:10C7E0000BAABEA77EA54DA329A1159F0F9D189B3F
:10C7F00031995A979395DD933792A2901E8FAC8D05
:10C800004B8CFC8ABF8995887C8777868485A48435
:10C81000D7831D837782E3816481F7809F805A806C
:10C8200028800B8001800B8028805A809F80F780B1
:10C830006481E38177821D83D783A484848577868E
:10C840007C879588BF89FC8A4B8CAC8D1E8FA2900B
:10C850003792DD9393955A973199189B0F9D159FA9
:10C8600029A14DA37EA5BEA70BAA65ACCDAE41B153
:10C87000C1B34CB6E4B886BB32BEE9C0AAC374C625
:10C8800046C921CC05CFEFD1E1D4DAD7D8DADDDD46
:10C89000E6E0F5E307E71EEA38ED55F074F396F6A7
:10C8A000B8F9DCFC0000000074000020080D002036
:10C8B000C4090020CC000020A01D0020340000206E
:10C8C000D80A0020240A00200000C1C081C1400114
:10C8D00001C3C003800241C201C6C006800741C730
:10C8E0000005C1C581C4400401CCC00C800D41CD00
:10C8F000000FC1CF81CE400E000AC1CA81CB400BD0
:10C9000001C9C009800841C801D8C018801941D99F
:10C91000001BC1DB81DA401A001EC1DE81DF401F2F
:10C9200001DDC01D801C41DC0014C1D481D540153F
:10C9300001D7C017801641D601D2C012801341D34F
:10C940000011C1D181D0401001F0C030803141F1DF
:10C950000033C1F381F240320036C1F681F740372F
:10C9600001F5C035803441F4003CC1FC81FD403DFF
:10C9700001FFC03F803E41FE01FAC03A803B41FBCF
:10C980000039C1F981F840380028C1E881E940291F
:10C9900001EBC02B802A41EA01EEC02E802F41EF2F
:10C9A000002DC1ED81EC402C01E4C024802541E53F
:10C9B0000027C1E781E640260022C1E281E340234F
:10C9C00001E1C021802041E001A0C060806141A15F
:10C9D0000063C1A381A240620066C1A681A740672F
:10C9E00001A5C065806441A4006CC1AC81AD406DFF
:10C9F00001AFC06F806E41AE01AAC06A806B41ABCF
:10CA00000069C1A981A840680078C1B881B940799E
:10CA100001BBC07B807A41BA01BEC07E807F41BF2E
:10CA2000007DC1BD81BC407C01B4C074807541B53E
:10CA30000077C1B781B640760072C1B281B340734E
:10CA400001B1C071807041B00050C19081914051DE
:10CA50000193C053805241920196C056805741972E
:10CA60000055C19581944054019CC05C805D419DFE
:10CA7000005FC19F819E405E005AC19A819B405BCE
:10CA80000199C059805841980188C048804941891E
:10CA9000004BC18B818A404A004EC18E818F404F2E
:10CAA000018DC04D804C418C0044C184818540453E
:10CAB0000187C047804641860182C042804341834E
:10CAC0000041C1818180404000070E090B0C050226
:10CAD00001060F080A0D04030001020304050607FE
:10CAE000080C10141820304008000020000000003E
:10CAF0007F000000110000007F0000009201002074
:10CB00000080FFFFFF7F0000120000000000000017
:10CB100096010020FFFFFFFF01000000020000005F
:10CB200001000000A209002000000000FFFF00003B
:10CB30001300000000000000A40900200000000015
:10CB4000010000001100000000000000940100201E
:10CB500000000000FFFF00001300000000000000C4
:10CB60000000040601020A000000000090CB00084B
:10CB700000000020F81F00003C020008E0CE000882
:10CB8000F81F0020F82B00009C02000800000000A5
:10CB9000321032013C0202FD0822741420609A46D1
:10CBA0005F10A2705C1017380EAA2A1B478D63FE17
:10CBB0007F709CE1B853D5C4F1FFFF340B422013C2
:10CBC0000D370220084B9D3624140D110A32141320
:10CBD0001CC56A08404BA5101C5A99080114AB8962
:10CBE0000F1C63E80372271678BB78BB0127A341AB
:10CBF000FF7F987969581379151B088D041A590419
:10CC0000819AE90C414BD1141013B0451520A00FA7
:10CC1000021202B5761488133A0FAFD123FD022514
:10CC2000FFFF803E220104483001402952110911C2
:10CC30004E321002FF0401FF01FF01FF01FF01FF5F
:10CC400001FF01FF011F25A00FD63834B80B0F13C9
:10CC5000340B1420811C1408E51E82088B511D0C16
:10CC6000C11A85281122011318011420600D4220D9
:10CC700023D007E31027639036132CC52A086039A8
:10CC80005412361B086D04415A090801108B7D357A
:10CC9000186960C1D3E803335004197FB9107206D4
:10CCA00013B01E1420C4331B20EC041314341B20B7
:10CCB0001E04A1D20A292CC169B41395541B08B9CA
:10CCC0000413A1531B08BD040114FA151823C8420C
:10CCD0000324803F13380C8C20E81F7C13EC1D4C80
:10CCE000206821101A78941ADC202B3CC5601A01A8
:10CCF000FC9390012B09F3EB6114C0FF1F12401647
:10CD0000E0FF7F0180121013400CE20E09292CB4C1
:10CD1000983A64230D112008F3EE3444CCBB40DB79
:10CD200040062CD232236B1C1F95E3AE0152FEAE9F
:10CD300013800B520F12409206856DF39B3A13D16C
:10CD4000671408B1751B08F904139D66140835773C
:10CD50001B08190C4113B9711408797014089572E5
:10CD600014083D741B0899181AC130011A031EC219
:10CD70008F16FF3F80293F1A2A0231BA011A8A7F93
:10CD80000463C0141398C51B087804131801021C0F
:10CD900020320A23CC0C320E4B340B2C1305631BB0
:10CDA000082104410B14F961B45A711813B045EC11
:10CDB00020600D64120514E80302120203FF8813B9
:10CDC00001FF01FF01FF01FF01FF01FF01FF01FF63
:10CDD00001FF01FF01FF01FF01FF01FF01FF012C26
:10CDE0005A41043142040316803E13340B4220138F
:10CDF00061951B087104C1DACD104BD9941013B0A2
:10CE0000451520A00F021202120A032A881345A01A
:10CE10000F9A02100866FDD6382AC703725339A14B
:10CE20004324F42A500CB9755116B9E854D583231C
:10CE3000C1874232243801405A0204216201393C40
:10CE4000120153279B120F0210141AFD7E7DFFFF63
:10CE5000803E32F9A0159001B50E1408110F8C0810
:10CE600025088713541E1420AC31C2204BB0321059
:10CE70004B9C2108CBA429204113B19E1B086904B7
:10CE800013F59D1B08350801113B0707341355BCEA
:10CE90001B0849041A51042DA7258F0429132C348B
:10CEA00014205B455B200AE01A3E2A291429041A43
:10CEB0005818290499FC1119DB094B0801106968FD
:10CEC0008113280C1420780B1B20A40413EC1D20C4
:10CED0000A2099B5DD39F414343A43C0400000000B
:04000005080001D915
:00000001FF
